2025-10-25 15:54:45.621 [restartedMain] INFO  com.gmail.demo.GmailApplication - Starting GmailApplication using Java 21.0.8 with PID 461432 (/home/sneha/repo/Gmail/target/classes started by sneha in /home/sneha/repo/Gmail)
2025-10-25 15:54:45.623 [restartedMain] INFO  com.gmail.demo.GmailApplication - No active profile set, falling back to 1 default profile: "default"
2025-10-25 15:54:45.676 [restartedMain] INFO  o.s.b.d.e.DevToolsPropertyDefaultsPostProcessor - Devtools property defaults active! Set 'spring.devtools.add-properties' to 'false' to disable
2025-10-25 15:54:45.677 [restartedMain] INFO  o.s.b.d.e.DevToolsPropertyDefaultsPostProcessor - For additional web related logging consider setting the 'logging.level.web' property to 'DEBUG'
2025-10-25 15:54:46.682 [restartedMain] INFO  o.s.d.r.c.RepositoryConfigurationDelegate - Bootstrapping Spring Data JPA repositories in DEFAULT mode.
2025-10-25 15:54:46.793 [restartedMain] INFO  o.s.d.r.c.RepositoryConfigurationDelegate - Finished Spring Data repository scanning in 97 ms. Found 9 JPA repository interfaces.
2025-10-25 15:54:47.611 [restartedMain] INFO  o.s.b.w.e.tomcat.TomcatWebServer - Tomcat initialized with port 8080 (http)
2025-10-25 15:54:47.628 [restartedMain] INFO  o.a.coyote.http11.Http11NioProtocol - Initializing ProtocolHandler ["http-nio-8080"]
2025-10-25 15:54:47.630 [restartedMain] INFO  o.a.catalina.core.StandardService - Starting service [Tomcat]
2025-10-25 15:54:47.631 [restartedMain] INFO  o.a.catalina.core.StandardEngine - Starting Servlet engine: [Apache Tomcat/10.1.43]
2025-10-25 15:54:47.685 [restartedMain] INFO  o.a.c.c.C.[Tomcat].[localhost].[/] - Initializing Spring embedded WebApplicationContext
2025-10-25 15:54:47.685 [restartedMain] INFO  o.s.b.w.s.c.ServletWebServerApplicationContext - Root WebApplicationContext: initialization completed in 2008 ms
2025-10-25 15:54:47.959 [restartedMain] INFO  o.h.jpa.internal.util.LogHelper - HHH000204: Processing PersistenceUnitInfo [name: default]
2025-10-25 15:54:48.045 [restartedMain] INFO  org.hibernate.Version - HHH000412: Hibernate ORM core version 6.6.22.Final
2025-10-25 15:54:48.107 [restartedMain] INFO  o.h.c.i.RegionFactoryInitiator - HHH000026: Second-level cache disabled
2025-10-25 15:54:48.419 [restartedMain] INFO  o.s.o.j.p.SpringPersistenceUnitInfo - No LoadTimeWeaver setup: ignoring JPA class transformer
2025-10-25 15:54:48.452 [restartedMain] INFO  com.zaxxer.hikari.HikariDataSource - HikariPool-1 - Starting...
2025-10-25 15:54:48.655 [restartedMain] INFO  com.zaxxer.hikari.pool.HikariPool - HikariPool-1 - Added connection conn0: url=jdbc:h2:mem:h2db user=SA
2025-10-25 15:54:48.658 [restartedMain] INFO  com.zaxxer.hikari.HikariDataSource - HikariPool-1 - Start completed.
2025-10-25 15:54:48.685 [restartedMain] WARN  org.hibernate.orm.deprecation - HHH90000025: H2Dialect does not need to be specified explicitly using 'hibernate.dialect' (remove the property setting and it will be selected by default)
2025-10-25 15:54:48.707 [restartedMain] INFO  o.hibernate.orm.connections.pooling - HHH10001005: Database info:
	Database JDBC URL [Connecting through datasource 'HikariDataSource (HikariPool-1)']
	Database driver: undefined/unknown
	Database version: 2.3.232
	Autocommit mode: undefined/unknown
	Isolation level: undefined/unknown
	Minimum pool size: undefined/unknown
	Maximum pool size: undefined/unknown
2025-10-25 15:54:49.975 [restartedMain] INFO  o.h.e.t.j.p.i.JtaPlatformInitiator - HHH000489: No JTA platform available (set 'hibernate.transaction.jta.platform' to enable JTA platform integration)
2025-10-25 15:54:50.105 [restartedMain] INFO  o.s.o.j.LocalContainerEntityManagerFactoryBean - Initialized JPA EntityManagerFactory for persistence unit 'default'
2025-10-25 15:54:50.498 [restartedMain] INFO  o.s.d.j.r.query.QueryEnhancerFactory - Hibernate is in classpath; If applicable, HQL parser will be used.
2025-10-25 15:54:54.160 [restartedMain] WARN  o.s.b.a.o.j.JpaBaseConfiguration$JpaWebConfiguration - spring.jpa.open-in-view is enabled by default. Therefore, database queries may be performed during view rendering. Explicitly configure spring.jpa.open-in-view to disable this warning
2025-10-25 15:54:54.188 [restartedMain] INFO  o.s.b.a.w.s.WelcomePageHandlerMapping - Adding welcome page template: index
2025-10-25 15:54:54.384 [restartedMain] INFO  o.s.s.c.a.a.c.InitializeAuthenticationProviderBeanManagerConfigurer$InitializeAuthenticationProviderManagerConfigurer - Global AuthenticationManager configured with AuthenticationProvider bean with name authenticationProvider
2025-10-25 15:54:54.385 [restartedMain] WARN  o.s.s.c.a.a.c.InitializeUserDetailsBeanManagerConfigurer$InitializeUserDetailsManagerConfigurer - Global AuthenticationManager configured with an AuthenticationProvider bean. UserDetailsService beans will not be used by Spring Security for automatically configuring username/password login. Consider removing the AuthenticationProvider bean. Alternatively, consider using the UserDetailsService in a manually instantiated DaoAuthenticationProvider. If the current configuration is intentional, to turn off this warning, increase the logging level of 'org.springframework.security.config.annotation.authentication.configuration.InitializeUserDetailsBeanManagerConfigurer' to ERROR
2025-10-25 15:54:54.848 [restartedMain] INFO  o.s.b.a.h.H2ConsoleAutoConfiguration - H2 console available at '/h2-console'. Database available at 'jdbc:h2:mem:h2db'
2025-10-25 15:54:54.920 [restartedMain] INFO  o.s.b.d.a.OptionalLiveReloadServer - LiveReload server is running on port 35729
2025-10-25 15:54:54.951 [restartedMain] INFO  o.a.coyote.http11.Http11NioProtocol - Starting ProtocolHandler ["http-nio-8080"]
2025-10-25 15:54:54.968 [restartedMain] INFO  o.s.b.w.e.tomcat.TomcatWebServer - Tomcat started on port 8080 (http) with context path '/'
2025-10-25 15:54:54.980 [restartedMain] INFO  com.gmail.demo.GmailApplication - Started GmailApplication in 9.947 seconds (process running for 10.895)
2025-10-25 16:02:14.575 [http-nio-8080-exec-1] INFO  o.a.c.c.C.[Tomcat].[localhost].[/] - Initializing Spring DispatcherServlet 'dispatcherServlet'
2025-10-25 16:02:14.576 [http-nio-8080-exec-1] INFO  o.s.web.servlet.DispatcherServlet - Initializing Servlet 'dispatcherServlet'
2025-10-25 16:02:14.581 [http-nio-8080-exec-1] INFO  o.s.web.servlet.DispatcherServlet - Completed initialization in 5 ms
2025-10-25 16:02:31.005 [http-nio-8080-exec-8] INFO  c.g.demo.Controller.EmailController - getLabelList (+)
2025-10-25 16:02:31.045 [http-nio-8080-exec-7] INFO  c.g.demo.Controller.EmailController - mailData (+)
2025-10-25 16:02:31.047 [http-nio-8080-exec-7] INFO  c.g.demo.service.api.EmailService - fetchEmails (+)
2025-10-25 16:02:31.054 [http-nio-8080-exec-7] INFO  c.g.demo.service.api.EmailService - fetchEmails param : folder : + INBOX/personal, page : 0, size : 50
2025-10-25 16:02:31.056 [http-nio-8080-exec-7] INFO  c.g.demo.service.api.EmailService - fetchEmails : personal and inbox mails
2025-10-25 16:02:31.149 [http-nio-8080-exec-7] INFO  c.g.demo.service.api.EmailService - fetchEmails : mails.getTotalElements() 6
2025-10-25 16:02:31.150 [http-nio-8080-exec-7] INFO  c.g.demo.service.api.EmailService - fetchEmails : mails Page 1 of 1 containing com.gmail.demo.entity.EmailMetadata instances
2025-10-25 16:02:31.152 [http-nio-8080-exec-7] INFO  c.g.demo.service.api.EmailService - fetchEmails (-)
2025-10-25 16:02:31.152 [http-nio-8080-exec-7] INFO  c.g.demo.Controller.EmailController - mailData (-)
2025-10-25 16:02:31.267 [http-nio-8080-exec-9] INFO  c.g.demo.Controller.EmailController - syncFolder (+)
2025-10-25 16:02:31.268 [http-nio-8080-exec-9] INFO  c.g.demo.service.api.EmailService - callSyncFolder (+)
2025-10-25 16:02:31.269 [http-nio-8080-exec-9] INFO  c.g.demo.service.api.EmailService - callSyncFolder param : folderName INBOX/personal
2025-10-25 16:02:32.610 [http-nio-8080-exec-8] INFO  c.g.demo.Controller.EmailController - getLabelList (-)
2025-10-25 16:02:32.622 [http-nio-8080-exec-10] INFO  c.g.demo.Controller.EmailController - getLabelList (+)
2025-10-25 16:02:34.284 [http-nio-8080-exec-10] INFO  c.g.demo.Controller.EmailController - getLabelList (-)
2025-10-25 16:02:41.175 [http-nio-8080-exec-9] INFO  c.g.demo.service.api.EmailService - callSyncFolder (-)
2025-10-25 16:02:41.176 [http-nio-8080-exec-9] INFO  c.g.demo.Controller.EmailController - syncFolder (-)
2025-10-25 16:03:13.597 [http-nio-8080-exec-2] INFO  c.g.demo.Controller.EmailController - getLabelList (+)
2025-10-25 16:03:15.208 [http-nio-8080-exec-2] INFO  c.g.demo.Controller.EmailController - getLabelList (-)
2025-10-25 16:10:27.595 [http-nio-8080-exec-10] INFO  c.g.demo.Controller.EmailController - getLabelList (+)
2025-10-25 16:10:29.201 [http-nio-8080-exec-10] INFO  c.g.demo.Controller.EmailController - getLabelList (-)
2025-10-25 16:22:31.589 [http-nio-8080-exec-1] INFO  c.g.demo.Controller.EmailController - getLabelList (+)
2025-10-25 16:22:33.185 [http-nio-8080-exec-1] INFO  c.g.demo.Controller.EmailController - getLabelList (-)
2025-10-25 16:23:13.589 [http-nio-8080-exec-3] INFO  c.g.demo.Controller.EmailController - getLabelList (+)
2025-10-25 16:23:15.248 [http-nio-8080-exec-3] INFO  c.g.demo.Controller.EmailController - getLabelList (-)
2025-10-25 16:30:27.593 [http-nio-8080-exec-7] INFO  c.g.demo.Controller.EmailController - getLabelList (+)
2025-10-25 16:30:29.194 [http-nio-8080-exec-7] INFO  c.g.demo.Controller.EmailController - getLabelList (-)
2025-10-25 16:42:31.583 [http-nio-8080-exec-10] INFO  c.g.demo.Controller.EmailController - getLabelList (+)
2025-10-25 16:42:33.152 [http-nio-8080-exec-10] INFO  c.g.demo.Controller.EmailController - getLabelList (-)
2025-10-25 16:43:13.592 [http-nio-8080-exec-1] INFO  c.g.demo.Controller.EmailController - getLabelList (+)
2025-10-25 16:43:15.199 [http-nio-8080-exec-1] INFO  c.g.demo.Controller.EmailController - getLabelList (-)
2025-10-25 16:50:27.587 [http-nio-8080-exec-5] INFO  c.g.demo.Controller.EmailController - getLabelList (+)
2025-10-25 16:50:29.186 [http-nio-8080-exec-5] INFO  c.g.demo.Controller.EmailController - getLabelList (-)
2025-10-25 17:02:31.581 [http-nio-8080-exec-7] INFO  c.g.demo.Controller.EmailController - getLabelList (+)
2025-10-25 17:02:33.168 [http-nio-8080-exec-7] INFO  c.g.demo.Controller.EmailController - getLabelList (-)
2025-10-25 17:03:13.599 [http-nio-8080-exec-10] INFO  c.g.demo.Controller.EmailController - getLabelList (+)
2025-10-25 17:03:15.222 [http-nio-8080-exec-10] INFO  c.g.demo.Controller.EmailController - getLabelList (-)
2025-10-25 17:10:27.589 [http-nio-8080-exec-3] INFO  c.g.demo.Controller.EmailController - getLabelList (+)
2025-10-25 17:10:29.151 [http-nio-8080-exec-3] INFO  c.g.demo.Controller.EmailController - getLabelList (-)
2025-10-25 17:22:31.587 [http-nio-8080-exec-5] INFO  c.g.demo.Controller.EmailController - getLabelList (+)
2025-10-25 17:22:33.187 [http-nio-8080-exec-5] INFO  c.g.demo.Controller.EmailController - getLabelList (-)
2025-10-25 17:23:13.588 [http-nio-8080-exec-7] INFO  c.g.demo.Controller.EmailController - getLabelList (+)
2025-10-25 17:23:15.211 [http-nio-8080-exec-7] INFO  c.g.demo.Controller.EmailController - getLabelList (-)
2025-10-25 17:30:27.591 [http-nio-8080-exec-1] INFO  c.g.demo.Controller.EmailController - getLabelList (+)
2025-10-25 17:30:29.309 [http-nio-8080-exec-1] INFO  c.g.demo.Controller.EmailController - getLabelList (-)
2025-10-25 17:42:31.578 [http-nio-8080-exec-3] INFO  c.g.demo.Controller.EmailController - getLabelList (+)
2025-10-25 17:42:33.218 [http-nio-8080-exec-3] INFO  c.g.demo.Controller.EmailController - getLabelList (-)
2025-10-25 17:43:13.586 [http-nio-8080-exec-5] INFO  c.g.demo.Controller.EmailController - getLabelList (+)
2025-10-25 17:43:15.290 [http-nio-8080-exec-5] INFO  c.g.demo.Controller.EmailController - getLabelList (-)
2025-10-25 17:50:27.596 [http-nio-8080-exec-10] INFO  c.g.demo.Controller.EmailController - getLabelList (+)
2025-10-25 17:50:29.148 [http-nio-8080-exec-10] INFO  c.g.demo.Controller.EmailController - getLabelList (-)
2025-10-25 18:02:31.599 [http-nio-8080-exec-1] INFO  c.g.demo.Controller.EmailController - getLabelList (+)
2025-10-25 18:02:33.173 [http-nio-8080-exec-1] INFO  c.g.demo.Controller.EmailController - getLabelList (-)
2025-10-25 18:03:13.591 [http-nio-8080-exec-3] INFO  c.g.demo.Controller.EmailController - getLabelList (+)
2025-10-25 18:03:15.185 [http-nio-8080-exec-3] INFO  c.g.demo.Controller.EmailController - getLabelList (-)
2025-10-25 18:10:27.591 [http-nio-8080-exec-7] INFO  c.g.demo.Controller.EmailController - getLabelList (+)
2025-10-25 18:10:29.192 [http-nio-8080-exec-7] INFO  c.g.demo.Controller.EmailController - getLabelList (-)
2025-10-25 18:12:24.383 [http-nio-8080-exec-10] INFO  c.g.demo.Controller.EmailController - mailData (+)
2025-10-25 18:12:24.384 [http-nio-8080-exec-10] INFO  c.g.demo.service.api.EmailService - fetchEmails (+)
2025-10-25 18:12:24.385 [http-nio-8080-exec-10] INFO  c.g.demo.service.api.EmailService - fetchEmails param : folder : + INBOX/personal, page : 0, size : 50
2025-10-25 18:12:24.385 [http-nio-8080-exec-10] INFO  c.g.demo.service.api.EmailService - fetchEmails : personal and inbox mails
2025-10-25 18:12:24.393 [http-nio-8080-exec-10] INFO  c.g.demo.service.api.EmailService - fetchEmails : mails.getTotalElements() 6
2025-10-25 18:12:24.398 [http-nio-8080-exec-10] INFO  c.g.demo.service.api.EmailService - fetchEmails : mails Page 1 of 1 containing com.gmail.demo.entity.EmailMetadata instances
2025-10-25 18:12:24.398 [http-nio-8080-exec-10] INFO  c.g.demo.service.api.EmailService - fetchEmails (-)
2025-10-25 18:12:24.399 [http-nio-8080-exec-10] INFO  c.g.demo.Controller.EmailController - mailData (-)
2025-10-25 18:12:24.414 [http-nio-8080-exec-9] INFO  c.g.demo.Controller.EmailController - syncFolder (+)
2025-10-25 18:12:24.417 [http-nio-8080-exec-9] INFO  c.g.demo.service.api.EmailService - callSyncFolder (+)
2025-10-25 18:12:24.418 [http-nio-8080-exec-9] INFO  c.g.demo.service.api.EmailService - callSyncFolder param : folderName INBOX/personal
2025-10-25 18:12:31.870 [http-nio-8080-exec-9] INFO  c.g.demo.service.api.EmailService - callSyncFolder (-)
2025-10-25 18:12:31.871 [http-nio-8080-exec-9] INFO  c.g.demo.Controller.EmailController - syncFolder (-)
2025-10-25 18:12:34.177 [http-nio-8080-exec-1] INFO  c.g.demo.Controller.EmailController - searchEmailUsingFilters (+)
2025-10-25 18:12:34.195 [http-nio-8080-exec-1] INFO  c.g.demo.service.api.EmailService - searchEmailUsingFiltersInDB (+)
2025-10-25 18:12:34.196 [http-nio-8080-exec-1] INFO  c.g.demo.service.api.EmailService - searchEmailUsingFiltersInDB param : filter GmailSearchFilter [fromAdd=, toAdd=, subject=, hasTheWord=, doesNotHave=, sizeValue=0, sizeRange=GT, size=MB, dateWithinValue=1, dateWithinPeriod=DAY, date=, folder=[Gmail]/All Mail, hasAttachment=true, read=false, star=false]
2025-10-25 18:12:34.196 [http-nio-8080-exec-1] INFO  c.g.demo.service.api.EmailService - searchEmailUsingFiltersInDB : searchFolders [[Gmail]/All Mail]
2025-10-25 18:12:34.196 [http-nio-8080-exec-1] INFO  c.g.demo.service.api.EmailService - searchEmailUsingFiltersInDB : searchFolder [Gmail]/All Mail
2025-10-25 18:12:34.196 [http-nio-8080-exec-1] INFO  c.g.demo.service.api.EmailService - searchEmailUsingFiltersInDB : attachment is on 
2025-10-25 18:12:34.212 [http-nio-8080-exec-1] INFO  c.g.demo.service.api.EmailService - searchEmailUsingFiltersInDB : after attachment filter responseEmails size 2
2025-10-25 18:12:34.213 [http-nio-8080-exec-1] INFO  c.g.demo.service.api.EmailService - searchEmailUsingFiltersInDB : final responseEmails size 2 for searchFolder [Gmail]/All Mail
2025-10-25 18:12:34.213 [http-nio-8080-exec-1] INFO  c.g.demo.service.api.EmailService - searchEmailUsingFiltersInDB : final finalResponseEmails size 2
2025-10-25 18:12:34.214 [http-nio-8080-exec-1] INFO  c.g.demo.service.api.EmailService - searchEmailUsingFiltersInDB (-)
2025-10-25 18:12:34.214 [http-nio-8080-exec-1] INFO  c.g.demo.Controller.EmailController - searchEmailUsingFilters (-)
2025-10-25 18:13:55.677 [http-nio-8080-exec-4] INFO  c.g.demo.Controller.EmailController - starManipulation (+)
2025-10-25 18:13:55.682 [http-nio-8080-exec-4] INFO  c.g.demo.service.api.EmailService - starManipulation (+) 
2025-10-25 18:13:55.682 [http-nio-8080-exec-4] INFO  c.g.demo.service.api.EmailService - starManipulation param : id 26
2025-10-25 18:13:55.683 [http-nio-8080-exec-4] INFO  c.g.demo.service.api.EmailService - starManipulation param : isStarred true
2025-10-25 18:13:55.683 [http-nio-8080-exec-4] INFO  c.g.demo.service.api.EmailService - starManipulation param : folderName [Gmail]/All Mail
2025-10-25 18:13:55.684 [http-nio-8080-exec-4] INFO  c.g.demo.service.api.EmailService - starManipulation param : msgId <2029634914.2.1760072136760@administrator-Standard-PC-i440FX-PIIX-1996>
2025-10-25 18:13:56.874 [http-nio-8080-exec-4] INFO  c.g.demo.service.api.EmailService - starManipulation : searchFolder [Gmail]/All Mail
2025-10-25 18:13:57.972 [http-nio-8080-exec-4] INFO  c.g.demo.service.api.EmailService - starManipulation : changed in IMAP(check og gmail)  id   26 isStarred   :::::::::::: true
2025-10-25 18:13:58.389 [http-nio-8080-exec-4] INFO  c.g.demo.service.api.EmailService - starManipulation (-) 
2025-10-25 18:13:58.390 [http-nio-8080-exec-4] INFO  c.g.demo.Controller.EmailController - starManipulation (-)
2025-10-25 18:13:58.406 [http-nio-8080-exec-5] INFO  c.g.demo.Controller.EmailController - mailData (+)
2025-10-25 18:13:58.407 [http-nio-8080-exec-5] INFO  c.g.demo.service.api.EmailService - fetchEmails (+)
2025-10-25 18:13:58.407 [http-nio-8080-exec-5] INFO  c.g.demo.service.api.EmailService - fetchEmails param : folder : + INBOX/personal, page : 0, size : 50
2025-10-25 18:13:58.407 [http-nio-8080-exec-5] INFO  c.g.demo.service.api.EmailService - fetchEmails : personal and inbox mails
2025-10-25 18:13:58.410 [http-nio-8080-exec-5] INFO  c.g.demo.service.api.EmailService - fetchEmails : mails.getTotalElements() 6
2025-10-25 18:13:58.411 [http-nio-8080-exec-5] INFO  c.g.demo.service.api.EmailService - fetchEmails : mails Page 1 of 1 containing com.gmail.demo.entity.EmailMetadata instances
2025-10-25 18:13:58.411 [http-nio-8080-exec-5] INFO  c.g.demo.service.api.EmailService - fetchEmails (-)
2025-10-25 18:13:58.411 [http-nio-8080-exec-5] INFO  c.g.demo.Controller.EmailController - mailData (-)
2025-10-25 18:13:58.426 [http-nio-8080-exec-6] INFO  c.g.demo.Controller.EmailController - syncFolder (+)
2025-10-25 18:13:58.427 [http-nio-8080-exec-6] INFO  c.g.demo.service.api.EmailService - callSyncFolder (+)
2025-10-25 18:13:58.427 [http-nio-8080-exec-6] INFO  c.g.demo.service.api.EmailService - callSyncFolder param : folderName INBOX/personal
2025-10-25 18:14:03.362 [http-nio-8080-exec-6] INFO  c.g.demo.service.api.EmailService - callSyncFolder (-)
2025-10-25 18:14:03.363 [http-nio-8080-exec-6] INFO  c.g.demo.Controller.EmailController - syncFolder (-)
2025-10-25 18:14:52.980 [http-nio-8080-exec-7] INFO  c.g.demo.Controller.EmailController - starManipulation (+)
2025-10-25 18:14:52.982 [http-nio-8080-exec-7] INFO  c.g.demo.service.api.EmailService - starManipulation (+) 
2025-10-25 18:14:52.984 [http-nio-8080-exec-7] INFO  c.g.demo.service.api.EmailService - starManipulation param : id 49
2025-10-25 18:14:52.984 [http-nio-8080-exec-7] INFO  c.g.demo.service.api.EmailService - starManipulation param : isStarred false
2025-10-25 18:14:52.984 [http-nio-8080-exec-7] INFO  c.g.demo.service.api.EmailService - starManipulation param : folderName INBOX
2025-10-25 18:14:52.984 [http-nio-8080-exec-7] INFO  c.g.demo.service.api.EmailService - starManipulation param : msgId <CAH7vXR3MaNkiYdRZy65LLEPnyUbcsTfotv_Jif-h=832kvQRsw@mail.gmail.com>
2025-10-25 18:14:54.156 [http-nio-8080-exec-7] INFO  c.g.demo.service.api.EmailService - starManipulation : searchFolder INBOX
2025-10-25 18:14:55.158 [http-nio-8080-exec-7] INFO  c.g.demo.service.api.EmailService - starManipulation : changed in IMAP(check og gmail)  id   49 isStarred   :::::::::::: false
2025-10-25 18:14:55.572 [http-nio-8080-exec-7] INFO  c.g.demo.service.api.EmailService - starManipulation (-) 
2025-10-25 18:14:55.574 [http-nio-8080-exec-7] INFO  c.g.demo.Controller.EmailController - starManipulation (-)
2025-10-25 18:14:55.605 [http-nio-8080-exec-8] INFO  c.g.demo.Controller.EmailController - mailData (+)
2025-10-25 18:14:55.605 [http-nio-8080-exec-8] INFO  c.g.demo.service.api.EmailService - fetchEmails (+)
2025-10-25 18:14:55.605 [http-nio-8080-exec-8] INFO  c.g.demo.service.api.EmailService - fetchEmails param : folder : + INBOX/personal, page : 0, size : 50
2025-10-25 18:14:55.605 [http-nio-8080-exec-8] INFO  c.g.demo.service.api.EmailService - fetchEmails : personal and inbox mails
2025-10-25 18:14:55.609 [http-nio-8080-exec-8] INFO  c.g.demo.service.api.EmailService - fetchEmails : mails.getTotalElements() 6
2025-10-25 18:14:55.609 [http-nio-8080-exec-8] INFO  c.g.demo.service.api.EmailService - fetchEmails : mails Page 1 of 1 containing com.gmail.demo.entity.EmailMetadata instances
2025-10-25 18:14:55.610 [http-nio-8080-exec-8] INFO  c.g.demo.service.api.EmailService - fetchEmails (-)
2025-10-25 18:14:55.610 [http-nio-8080-exec-8] INFO  c.g.demo.Controller.EmailController - mailData (-)
2025-10-25 18:14:55.634 [http-nio-8080-exec-10] INFO  c.g.demo.Controller.EmailController - syncFolder (+)
2025-10-25 18:14:55.640 [http-nio-8080-exec-10] INFO  c.g.demo.service.api.EmailService - callSyncFolder (+)
2025-10-25 18:14:55.641 [http-nio-8080-exec-10] INFO  c.g.demo.service.api.EmailService - callSyncFolder param : folderName INBOX/personal
2025-10-25 18:14:57.683 [http-nio-8080-exec-9] INFO  c.g.demo.Controller.EmailController - mailData (+)
2025-10-25 18:14:57.684 [http-nio-8080-exec-9] INFO  c.g.demo.service.api.EmailService - fetchEmails (+)
2025-10-25 18:14:57.685 [http-nio-8080-exec-9] INFO  c.g.demo.service.api.EmailService - fetchEmails param : folder : + [Gmail]/Drafts, page : 0, size : 50
2025-10-25 18:14:57.697 [http-nio-8080-exec-9] INFO  c.g.demo.service.api.EmailService - fetchEmails : mails.getTotalElements() 2
2025-10-25 18:14:57.697 [http-nio-8080-exec-9] INFO  c.g.demo.service.api.EmailService - fetchEmails : mails Page 1 of 1 containing com.gmail.demo.entity.EmailMetadata instances
2025-10-25 18:14:57.697 [http-nio-8080-exec-9] INFO  c.g.demo.service.api.EmailService - fetchEmails (-)
2025-10-25 18:14:57.697 [http-nio-8080-exec-9] INFO  c.g.demo.Controller.EmailController - mailData (-)
2025-10-25 18:15:00.918 [http-nio-8080-exec-10] INFO  c.g.demo.service.api.EmailService - callSyncFolder (-)
2025-10-25 18:15:00.919 [http-nio-8080-exec-10] INFO  c.g.demo.Controller.EmailController - syncFolder (-)
2025-10-25 18:15:00.929 [http-nio-8080-exec-1] INFO  c.g.demo.Controller.EmailController - syncFolder (+)
2025-10-25 18:15:00.929 [http-nio-8080-exec-1] INFO  c.g.demo.service.api.EmailService - callSyncFolder (+)
2025-10-25 18:15:00.930 [http-nio-8080-exec-1] INFO  c.g.demo.service.api.EmailService - callSyncFolder param : folderName [Gmail]/Drafts
2025-10-25 18:15:04.744 [http-nio-8080-exec-1] INFO  c.g.demo.service.api.EmailService - callSyncFolder (-)
2025-10-25 18:15:04.744 [http-nio-8080-exec-1] INFO  c.g.demo.Controller.EmailController - syncFolder (-)
2025-10-25 18:15:05.019 [http-nio-8080-exec-2] INFO  c.g.demo.Controller.EmailController - sendSimpleMail (+)
2025-10-25 18:15:05.024 [http-nio-8080-exec-2] INFO  c.g.demo.service.api.EmailService - saveDraftEmailInGmail (+)
2025-10-25 18:15:05.027 [http-nio-8080-exec-2] INFO  c.g.demo.service.api.EmailService - saveDraftEmailInGmail param : email MailTemplete [id=null, send_to=[sneza0022@gmail.com], cc=, bcc=, subject=, msgBody=dfgdfdgehedf, draft=true, fileList=[], gmailMessageId=<866601450.1.1761309669422@administrator-Standard-PC-i440FX-PIIX-1996>]
2025-10-25 18:15:05.027 [http-nio-8080-exec-2] INFO  c.g.demo.service.api.EmailService - saveDraftEmailInGmail param : msgId <866601450.1.1761309669422@administrator-Standard-PC-i440FX-PIIX-1996>
2025-10-25 18:15:05.027 [http-nio-8080-exec-2] INFO  c.g.demo.service.api.EmailService - saveDraftEmailInGmail param : oldFileIds []
2025-10-25 18:15:05.027 [http-nio-8080-exec-2] INFO  c.g.demo.service.api.EmailService - saveDraftEmailInGmail : newFolderName [Gmail]/Drafts
2025-10-25 18:15:06.824 [http-nio-8080-exec-2] INFO  c.g.demo.service.api.EmailService - saveDraftEmailInGmail : Deleting old draft with UID: 237
2025-10-25 18:15:09.135 [http-nio-8080-exec-2] INFO  c.g.demo.service.api.EmailService - saveDraftEmailInGmail : Gmail UID: 238
2025-10-25 18:15:09.136 [http-nio-8080-exec-2] INFO  c.g.demo.service.api.EmailService - saveDraftEmailInGmail : printing the message id after the message get saved in gmail message.getMessageID() : <1857331346.1.1761396307235@administrator-Standard-PC-i440FX-PIIX-1996>
2025-10-25 18:15:09.543 [http-nio-8080-exec-2] INFO  c.g.demo.service.api.EmailService - saveDraftEmailInGmail (-)
2025-10-25 18:15:09.543 [http-nio-8080-exec-2] INFO  c.g.demo.service.api.EmailService - saveDraftEmail (+)
2025-10-25 18:15:09.543 [http-nio-8080-exec-2] INFO  c.g.demo.service.api.EmailService - saveDraftEmail param : email MailTemplete [id=null, send_to=[sneza0022@gmail.com], cc=, bcc=, subject=, msgBody=dfgdfdgehedf, draft=true, fileList=[], gmailMessageId=<866601450.1.1761309669422@administrator-Standard-PC-i440FX-PIIX-1996>]
2025-10-25 18:15:09.543 [http-nio-8080-exec-2] INFO  c.g.demo.service.api.EmailService - saveDraftEmail param : messageId <1857331346.1.1761396307235@administrator-Standard-PC-i440FX-PIIX-1996>
2025-10-25 18:15:09.550 [http-nio-8080-exec-2] INFO  c.g.demo.service.api.EmailService - saveDraftEmail (-)
2025-10-25 18:15:09.550 [http-nio-8080-exec-2] INFO  c.g.demo.Controller.EmailController - sendSimpleMail (-)
2025-10-25 18:15:09.561 [http-nio-8080-exec-3] INFO  c.g.demo.Controller.EmailController - syncFolder (+)
2025-10-25 18:15:09.562 [http-nio-8080-exec-3] INFO  c.g.demo.service.api.EmailService - callSyncFolder (+)
2025-10-25 18:15:09.562 [http-nio-8080-exec-3] INFO  c.g.demo.service.api.EmailService - callSyncFolder param : folderName [Gmail]/Drafts
2025-10-25 18:15:13.455 [http-nio-8080-exec-3] INFO  c.g.demo.service.api.EmailService - callSyncFolder (-)
2025-10-25 18:15:13.456 [http-nio-8080-exec-3] INFO  c.g.demo.Controller.EmailController - syncFolder (-)
2025-10-25 18:15:13.474 [http-nio-8080-exec-4] INFO  c.g.demo.Controller.EmailController - mailData (+)
2025-10-25 18:15:13.474 [http-nio-8080-exec-4] INFO  c.g.demo.service.api.EmailService - fetchEmails (+)
2025-10-25 18:15:13.475 [http-nio-8080-exec-4] INFO  c.g.demo.service.api.EmailService - fetchEmails param : folder : + [Gmail]/Drafts, page : 0, size : 50
2025-10-25 18:15:13.476 [http-nio-8080-exec-4] INFO  c.g.demo.service.api.EmailService - fetchEmails : mails.getTotalElements() 2
2025-10-25 18:15:13.477 [http-nio-8080-exec-4] INFO  c.g.demo.service.api.EmailService - fetchEmails : mails Page 1 of 1 containing com.gmail.demo.entity.EmailMetadata instances
2025-10-25 18:15:13.477 [http-nio-8080-exec-4] INFO  c.g.demo.service.api.EmailService - fetchEmails (-)
2025-10-25 18:15:13.477 [http-nio-8080-exec-4] INFO  c.g.demo.Controller.EmailController - mailData (-)
2025-10-25 18:22:31.581 [http-nio-8080-exec-7] INFO  c.g.demo.Controller.EmailController - getLabelList (+)
2025-10-25 18:22:33.422 [http-nio-8080-exec-7] INFO  c.g.demo.Controller.EmailController - getLabelList (-)
2025-10-25 18:23:13.589 [http-nio-8080-exec-9] INFO  c.g.demo.Controller.EmailController - getLabelList (+)
2025-10-25 18:23:15.439 [http-nio-8080-exec-9] INFO  c.g.demo.Controller.EmailController - getLabelList (-)
2025-10-25 18:30:27.589 [http-nio-8080-exec-3] INFO  c.g.demo.Controller.EmailController - getLabelList (+)
2025-10-25 18:30:29.171 [http-nio-8080-exec-3] INFO  c.g.demo.Controller.EmailController - getLabelList (-)
2025-10-25 18:42:31.586 [http-nio-8080-exec-5] INFO  c.g.demo.Controller.EmailController - getLabelList (+)
2025-10-25 18:42:33.164 [http-nio-8080-exec-5] INFO  c.g.demo.Controller.EmailController - getLabelList (-)
2025-10-25 18:43:13.585 [http-nio-8080-exec-7] INFO  c.g.demo.Controller.EmailController - getLabelList (+)
2025-10-25 18:43:15.324 [http-nio-8080-exec-7] INFO  c.g.demo.Controller.EmailController - getLabelList (-)
2025-10-25 18:50:27.588 [http-nio-8080-exec-10] INFO  c.g.demo.Controller.EmailController - getLabelList (+)
2025-10-25 18:50:29.144 [http-nio-8080-exec-10] INFO  c.g.demo.Controller.EmailController - getLabelList (-)
2025-10-25 19:02:31.583 [http-nio-8080-exec-2] INFO  c.g.demo.Controller.EmailController - getLabelList (+)
2025-10-25 19:02:33.208 [http-nio-8080-exec-2] INFO  c.g.demo.Controller.EmailController - getLabelList (-)
2025-10-25 19:03:13.584 [http-nio-8080-exec-4] INFO  c.g.demo.Controller.EmailController - getLabelList (+)
2025-10-25 19:03:15.173 [http-nio-8080-exec-4] INFO  c.g.demo.Controller.EmailController - getLabelList (-)
2025-10-25 19:10:27.585 [http-nio-8080-exec-8] INFO  c.g.demo.Controller.EmailController - getLabelList (+)
2025-10-25 19:10:29.136 [http-nio-8080-exec-8] INFO  c.g.demo.Controller.EmailController - getLabelList (-)
2025-10-25 19:22:31.583 [http-nio-8080-exec-10] INFO  c.g.demo.Controller.EmailController - getLabelList (+)
2025-10-25 19:22:33.173 [http-nio-8080-exec-10] INFO  c.g.demo.Controller.EmailController - getLabelList (-)
2025-10-25 19:23:13.584 [http-nio-8080-exec-2] INFO  c.g.demo.Controller.EmailController - getLabelList (+)
2025-10-25 19:23:15.172 [http-nio-8080-exec-2] INFO  c.g.demo.Controller.EmailController - getLabelList (-)
2025-10-25 19:30:27.590 [http-nio-8080-exec-6] INFO  c.g.demo.Controller.EmailController - getLabelList (+)
2025-10-25 19:30:29.297 [http-nio-8080-exec-6] INFO  c.g.demo.Controller.EmailController - getLabelList (-)
2025-10-25 19:42:31.580 [http-nio-8080-exec-8] INFO  c.g.demo.Controller.EmailController - getLabelList (+)
2025-10-25 19:42:33.168 [http-nio-8080-exec-8] INFO  c.g.demo.Controller.EmailController - getLabelList (-)
2025-10-25 19:43:13.586 [http-nio-8080-exec-10] INFO  c.g.demo.Controller.EmailController - getLabelList (+)
2025-10-25 19:43:15.269 [http-nio-8080-exec-10] INFO  c.g.demo.Controller.EmailController - getLabelList (-)
2025-10-25 19:50:27.596 [http-nio-8080-exec-4] INFO  c.g.demo.Controller.EmailController - getLabelList (+)
2025-10-25 19:50:29.478 [http-nio-8080-exec-4] INFO  c.g.demo.Controller.EmailController - getLabelList (-)
2025-10-25 20:02:31.587 [http-nio-8080-exec-6] INFO  c.g.demo.Controller.EmailController - getLabelList (+)
2025-10-25 20:02:33.434 [http-nio-8080-exec-6] INFO  c.g.demo.Controller.EmailController - getLabelList (-)
2025-10-25 20:03:13.587 [http-nio-8080-exec-8] INFO  c.g.demo.Controller.EmailController - getLabelList (+)
2025-10-25 20:03:15.558 [http-nio-8080-exec-8] INFO  c.g.demo.Controller.EmailController - getLabelList (-)
2025-10-25 20:10:27.591 [http-nio-8080-exec-2] INFO  c.g.demo.Controller.EmailController - getLabelList (+)
2025-10-25 20:10:29.438 [http-nio-8080-exec-2] INFO  c.g.demo.Controller.EmailController - getLabelList (-)
2025-10-25 20:22:31.578 [http-nio-8080-exec-4] INFO  c.g.demo.Controller.EmailController - getLabelList (+)
2025-10-25 20:22:33.191 [http-nio-8080-exec-4] INFO  c.g.demo.Controller.EmailController - getLabelList (-)
2025-10-25 20:23:13.582 [http-nio-8080-exec-6] INFO  c.g.demo.Controller.EmailController - getLabelList (+)
2025-10-25 20:23:19.208 [http-nio-8080-exec-6] INFO  c.g.demo.Controller.EmailController - getLabelList (-)
2025-10-25 20:30:27.588 [http-nio-8080-exec-10] INFO  c.g.demo.Controller.EmailController - getLabelList (+)
2025-10-25 20:30:29.196 [http-nio-8080-exec-10] INFO  c.g.demo.Controller.EmailController - getLabelList (-)
2025-10-25 20:42:31.581 [http-nio-8080-exec-2] INFO  c.g.demo.Controller.EmailController - getLabelList (+)
2025-10-25 20:42:33.426 [http-nio-8080-exec-2] INFO  c.g.demo.Controller.EmailController - getLabelList (-)
2025-10-25 20:43:13.586 [http-nio-8080-exec-4] INFO  c.g.demo.Controller.EmailController - getLabelList (+)
2025-10-25 20:43:15.763 [http-nio-8080-exec-4] INFO  c.g.demo.Controller.EmailController - getLabelList (-)
2025-10-25 20:50:27.582 [http-nio-8080-exec-8] INFO  c.g.demo.Controller.EmailController - getLabelList (+)
2025-10-25 20:50:29.626 [http-nio-8080-exec-8] INFO  c.g.demo.Controller.EmailController - getLabelList (-)
2025-10-25 21:02:31.585 [http-nio-8080-exec-10] INFO  c.g.demo.Controller.EmailController - getLabelList (+)
2025-10-25 21:02:33.399 [http-nio-8080-exec-10] INFO  c.g.demo.Controller.EmailController - getLabelList (-)
2025-10-25 21:03:13.587 [http-nio-8080-exec-2] INFO  c.g.demo.Controller.EmailController - getLabelList (+)
2025-10-25 21:03:15.567 [http-nio-8080-exec-2] INFO  c.g.demo.Controller.EmailController - getLabelList (-)
2025-10-25 21:10:27.586 [http-nio-8080-exec-6] INFO  c.g.demo.Controller.EmailController - getLabelList (+)
2025-10-25 21:10:29.451 [http-nio-8080-exec-6] INFO  c.g.demo.Controller.EmailController - getLabelList (-)
2025-10-25 21:22:31.584 [http-nio-8080-exec-8] INFO  c.g.demo.Controller.EmailController - getLabelList (+)
2025-10-25 21:22:33.417 [http-nio-8080-exec-8] INFO  c.g.demo.Controller.EmailController - getLabelList (-)
2025-10-25 21:23:13.585 [http-nio-8080-exec-10] INFO  c.g.demo.Controller.EmailController - getLabelList (+)
2025-10-25 21:23:15.452 [http-nio-8080-exec-10] INFO  c.g.demo.Controller.EmailController - getLabelList (-)
2025-10-25 21:30:27.589 [http-nio-8080-exec-4] INFO  c.g.demo.Controller.EmailController - getLabelList (+)
2025-10-25 21:30:29.284 [http-nio-8080-exec-4] INFO  c.g.demo.Controller.EmailController - getLabelList (-)
2025-10-25 21:42:31.584 [http-nio-8080-exec-6] INFO  c.g.demo.Controller.EmailController - getLabelList (+)
2025-10-25 21:42:33.200 [http-nio-8080-exec-6] INFO  c.g.demo.Controller.EmailController - getLabelList (-)
2025-10-25 21:43:13.586 [http-nio-8080-exec-8] INFO  c.g.demo.Controller.EmailController - getLabelList (+)
2025-10-25 21:43:15.194 [http-nio-8080-exec-8] INFO  c.g.demo.Controller.EmailController - getLabelList (-)
2025-10-25 21:50:27.587 [http-nio-8080-exec-2] INFO  c.g.demo.Controller.EmailController - getLabelList (+)
2025-10-25 21:50:29.694 [http-nio-8080-exec-2] INFO  c.g.demo.Controller.EmailController - getLabelList (-)
2025-10-25 22:02:31.585 [http-nio-8080-exec-4] INFO  c.g.demo.Controller.EmailController - getLabelList (+)
2025-10-25 22:02:33.169 [http-nio-8080-exec-4] INFO  c.g.demo.Controller.EmailController - getLabelList (-)
2025-10-25 22:03:13.585 [http-nio-8080-exec-6] INFO  c.g.demo.Controller.EmailController - getLabelList (+)
2025-10-25 22:03:15.418 [http-nio-8080-exec-6] INFO  c.g.demo.Controller.EmailController - getLabelList (-)
2025-10-25 22:10:27.586 [http-nio-8080-exec-10] INFO  c.g.demo.Controller.EmailController - getLabelList (+)
2025-10-25 22:10:29.172 [http-nio-8080-exec-10] INFO  c.g.demo.Controller.EmailController - getLabelList (-)
2025-10-25 22:22:31.584 [http-nio-8080-exec-2] INFO  c.g.demo.Controller.EmailController - getLabelList (+)
2025-10-25 22:22:33.176 [http-nio-8080-exec-2] INFO  c.g.demo.Controller.EmailController - getLabelList (-)
2025-10-25 22:23:13.584 [http-nio-8080-exec-4] INFO  c.g.demo.Controller.EmailController - getLabelList (+)
2025-10-25 22:23:15.204 [http-nio-8080-exec-4] INFO  c.g.demo.Controller.EmailController - getLabelList (-)
2025-10-25 22:30:27.592 [http-nio-8080-exec-8] INFO  c.g.demo.Controller.EmailController - getLabelList (+)
2025-10-25 22:30:29.226 [http-nio-8080-exec-8] INFO  c.g.demo.Controller.EmailController - getLabelList (-)
2025-10-25 22:42:31.581 [http-nio-8080-exec-10] INFO  c.g.demo.Controller.EmailController - getLabelList (+)
2025-10-25 22:42:33.192 [http-nio-8080-exec-10] INFO  c.g.demo.Controller.EmailController - getLabelList (-)
2025-10-25 22:43:13.586 [http-nio-8080-exec-3] INFO  c.g.demo.Controller.EmailController - getLabelList (+)
2025-10-25 22:43:15.344 [http-nio-8080-exec-3] INFO  c.g.demo.Controller.EmailController - getLabelList (-)
2025-10-25 22:50:27.593 [http-nio-8080-exec-5] INFO  c.g.demo.Controller.EmailController - getLabelList (+)
2025-10-25 22:50:29.180 [http-nio-8080-exec-5] INFO  c.g.demo.Controller.EmailController - getLabelList (-)
2025-10-25 23:02:31.586 [http-nio-8080-exec-7] INFO  c.g.demo.Controller.EmailController - getLabelList (+)
2025-10-25 23:02:33.186 [http-nio-8080-exec-7] INFO  c.g.demo.Controller.EmailController - getLabelList (-)
2025-10-25 23:03:13.587 [http-nio-8080-exec-9] INFO  c.g.demo.Controller.EmailController - getLabelList (+)
2025-10-25 23:03:15.333 [http-nio-8080-exec-9] INFO  c.g.demo.Controller.EmailController - getLabelList (-)
2025-10-25 23:10:27.585 [http-nio-8080-exec-3] INFO  c.g.demo.Controller.EmailController - getLabelList (+)
2025-10-25 23:10:29.150 [http-nio-8080-exec-3] INFO  c.g.demo.Controller.EmailController - getLabelList (-)
2025-10-25 23:22:31.585 [http-nio-8080-exec-5] INFO  c.g.demo.Controller.EmailController - getLabelList (+)
2025-10-25 23:22:33.166 [http-nio-8080-exec-5] INFO  c.g.demo.Controller.EmailController - getLabelList (-)
2025-10-25 23:23:13.583 [http-nio-8080-exec-7] INFO  c.g.demo.Controller.EmailController - getLabelList (+)
2025-10-25 23:23:15.211 [http-nio-8080-exec-7] INFO  c.g.demo.Controller.EmailController - getLabelList (-)
2025-10-25 23:30:27.585 [http-nio-8080-exec-1] INFO  c.g.demo.Controller.EmailController - getLabelList (+)
2025-10-25 23:30:29.254 [http-nio-8080-exec-1] INFO  c.g.demo.Controller.EmailController - getLabelList (-)
2025-10-25 23:42:31.586 [http-nio-8080-exec-3] INFO  c.g.demo.Controller.EmailController - getLabelList (+)
2025-10-25 23:42:33.183 [http-nio-8080-exec-3] INFO  c.g.demo.Controller.EmailController - getLabelList (-)
2025-10-25 23:43:13.589 [http-nio-8080-exec-5] INFO  c.g.demo.Controller.EmailController - getLabelList (+)
2025-10-25 23:43:15.209 [http-nio-8080-exec-5] INFO  c.g.demo.Controller.EmailController - getLabelList (-)
2025-10-25 23:50:27.588 [http-nio-8080-exec-9] INFO  c.g.demo.Controller.EmailController - getLabelList (+)
2025-10-25 23:50:29.186 [http-nio-8080-exec-9] INFO  c.g.demo.Controller.EmailController - getLabelList (-)
2025-10-26 00:02:31.587 [http-nio-8080-exec-1] INFO  c.g.demo.Controller.EmailController - getLabelList (+)
2025-10-26 00:02:33.167 [http-nio-8080-exec-1] INFO  c.g.demo.Controller.EmailController - getLabelList (-)
2025-10-26 00:03:13.589 [http-nio-8080-exec-3] INFO  c.g.demo.Controller.EmailController - getLabelList (+)
2025-10-26 00:03:15.299 [http-nio-8080-exec-3] INFO  c.g.demo.Controller.EmailController - getLabelList (-)
2025-10-26 00:10:27.591 [http-nio-8080-exec-7] INFO  c.g.demo.Controller.EmailController - getLabelList (+)
2025-10-26 00:10:29.149 [http-nio-8080-exec-7] INFO  c.g.demo.Controller.EmailController - getLabelList (-)
2025-10-26 00:22:31.581 [http-nio-8080-exec-9] INFO  c.g.demo.Controller.EmailController - getLabelList (+)
2025-10-26 00:22:33.131 [http-nio-8080-exec-9] INFO  c.g.demo.Controller.EmailController - getLabelList (-)
2025-10-26 00:23:13.582 [http-nio-8080-exec-1] INFO  c.g.demo.Controller.EmailController - getLabelList (+)
2025-10-26 00:23:15.179 [http-nio-8080-exec-1] INFO  c.g.demo.Controller.EmailController - getLabelList (-)
2025-10-26 00:30:27.594 [http-nio-8080-exec-5] INFO  c.g.demo.Controller.EmailController - getLabelList (+)
2025-10-26 00:30:29.149 [http-nio-8080-exec-5] INFO  c.g.demo.Controller.EmailController - getLabelList (-)
2025-10-26 00:42:31.582 [http-nio-8080-exec-7] INFO  c.g.demo.Controller.EmailController - getLabelList (+)
2025-10-26 00:42:33.283 [http-nio-8080-exec-7] INFO  c.g.demo.Controller.EmailController - getLabelList (-)
2025-10-26 00:43:13.583 [http-nio-8080-exec-10] INFO  c.g.demo.Controller.EmailController - getLabelList (+)
2025-10-26 00:43:15.316 [http-nio-8080-exec-10] INFO  c.g.demo.Controller.EmailController - getLabelList (-)
2025-10-26 00:50:27.587 [http-nio-8080-exec-3] INFO  c.g.demo.Controller.EmailController - getLabelList (+)
2025-10-26 00:50:29.135 [http-nio-8080-exec-3] INFO  c.g.demo.Controller.EmailController - getLabelList (-)
2025-10-26 01:02:31.580 [http-nio-8080-exec-5] INFO  c.g.demo.Controller.EmailController - getLabelList (+)
2025-10-26 01:02:33.163 [http-nio-8080-exec-5] INFO  c.g.demo.Controller.EmailController - getLabelList (-)
2025-10-26 01:03:13.585 [http-nio-8080-exec-7] INFO  c.g.demo.Controller.EmailController - getLabelList (+)
2025-10-26 01:03:15.327 [http-nio-8080-exec-7] INFO  c.g.demo.Controller.EmailController - getLabelList (-)
2025-10-26 01:10:27.587 [http-nio-8080-exec-1] INFO  c.g.demo.Controller.EmailController - getLabelList (+)
2025-10-26 01:10:29.175 [http-nio-8080-exec-1] INFO  c.g.demo.Controller.EmailController - getLabelList (-)
2025-10-26 01:22:31.589 [http-nio-8080-exec-3] INFO  c.g.demo.Controller.EmailController - getLabelList (+)
2025-10-26 01:22:33.155 [http-nio-8080-exec-3] INFO  c.g.demo.Controller.EmailController - getLabelList (-)
2025-10-26 01:23:13.589 [http-nio-8080-exec-5] INFO  c.g.demo.Controller.EmailController - getLabelList (+)
2025-10-26 01:23:15.181 [http-nio-8080-exec-5] INFO  c.g.demo.Controller.EmailController - getLabelList (-)
2025-10-26 01:30:27.594 [http-nio-8080-exec-9] INFO  c.g.demo.Controller.EmailController - getLabelList (+)
2025-10-26 01:30:29.204 [http-nio-8080-exec-9] INFO  c.g.demo.Controller.EmailController - getLabelList (-)
2025-10-26 01:42:31.578 [http-nio-8080-exec-1] INFO  c.g.demo.Controller.EmailController - getLabelList (+)
2025-10-26 01:42:33.325 [http-nio-8080-exec-1] INFO  c.g.demo.Controller.EmailController - getLabelList (-)
2025-10-26 01:43:13.585 [http-nio-8080-exec-3] INFO  c.g.demo.Controller.EmailController - getLabelList (+)
2025-10-26 01:43:15.224 [http-nio-8080-exec-3] INFO  c.g.demo.Controller.EmailController - getLabelList (-)
2025-10-26 01:50:27.595 [http-nio-8080-exec-7] INFO  c.g.demo.Controller.EmailController - getLabelList (+)
2025-10-26 01:50:29.196 [http-nio-8080-exec-7] INFO  c.g.demo.Controller.EmailController - getLabelList (-)
2025-10-26 02:02:31.581 [http-nio-8080-exec-9] INFO  c.g.demo.Controller.EmailController - getLabelList (+)
2025-10-26 02:02:33.157 [http-nio-8080-exec-9] INFO  c.g.demo.Controller.EmailController - getLabelList (-)
2025-10-26 02:03:13.581 [http-nio-8080-exec-1] INFO  c.g.demo.Controller.EmailController - getLabelList (+)
2025-10-26 02:03:15.265 [http-nio-8080-exec-1] INFO  c.g.demo.Controller.EmailController - getLabelList (-)
2025-10-26 02:10:27.599 [http-nio-8080-exec-5] INFO  c.g.demo.Controller.EmailController - getLabelList (+)
2025-10-26 02:10:29.145 [http-nio-8080-exec-5] INFO  c.g.demo.Controller.EmailController - getLabelList (-)
2025-10-26 02:22:31.585 [http-nio-8080-exec-7] INFO  c.g.demo.Controller.EmailController - getLabelList (+)
2025-10-26 02:22:33.158 [http-nio-8080-exec-7] INFO  c.g.demo.Controller.EmailController - getLabelList (-)
2025-10-26 02:23:13.586 [http-nio-8080-exec-9] INFO  c.g.demo.Controller.EmailController - getLabelList (+)
2025-10-26 02:23:15.161 [http-nio-8080-exec-9] INFO  c.g.demo.Controller.EmailController - getLabelList (-)
2025-10-26 02:30:27.588 [http-nio-8080-exec-3] INFO  c.g.demo.Controller.EmailController - getLabelList (+)
2025-10-26 02:30:29.179 [http-nio-8080-exec-3] INFO  c.g.demo.Controller.EmailController - getLabelList (-)
2025-10-26 02:42:31.581 [http-nio-8080-exec-5] INFO  c.g.demo.Controller.EmailController - getLabelList (+)
2025-10-26 02:42:33.147 [http-nio-8080-exec-5] INFO  c.g.demo.Controller.EmailController - getLabelList (-)
2025-10-26 02:43:13.585 [http-nio-8080-exec-7] INFO  c.g.demo.Controller.EmailController - getLabelList (+)
2025-10-26 02:43:15.294 [http-nio-8080-exec-7] INFO  c.g.demo.Controller.EmailController - getLabelList (-)
2025-10-26 02:50:27.589 [http-nio-8080-exec-1] INFO  c.g.demo.Controller.EmailController - getLabelList (+)
2025-10-26 02:50:29.163 [http-nio-8080-exec-1] INFO  c.g.demo.Controller.EmailController - getLabelList (-)
2025-10-26 03:02:31.583 [http-nio-8080-exec-3] INFO  c.g.demo.Controller.EmailController - getLabelList (+)
2025-10-26 03:02:33.161 [http-nio-8080-exec-3] INFO  c.g.demo.Controller.EmailController - getLabelList (-)
2025-10-26 03:03:13.583 [http-nio-8080-exec-5] INFO  c.g.demo.Controller.EmailController - getLabelList (+)
2025-10-26 03:03:15.306 [http-nio-8080-exec-5] INFO  c.g.demo.Controller.EmailController - getLabelList (-)
2025-10-26 03:10:27.587 [http-nio-8080-exec-9] INFO  c.g.demo.Controller.EmailController - getLabelList (+)
2025-10-26 03:10:29.139 [http-nio-8080-exec-9] INFO  c.g.demo.Controller.EmailController - getLabelList (-)
2025-10-26 03:22:31.586 [http-nio-8080-exec-1] INFO  c.g.demo.Controller.EmailController - getLabelList (+)
2025-10-26 03:22:33.129 [http-nio-8080-exec-1] INFO  c.g.demo.Controller.EmailController - getLabelList (-)
2025-10-26 03:23:13.584 [http-nio-8080-exec-3] INFO  c.g.demo.Controller.EmailController - getLabelList (+)
2025-10-26 03:23:15.208 [http-nio-8080-exec-3] INFO  c.g.demo.Controller.EmailController - getLabelList (-)
2025-10-26 03:30:27.589 [http-nio-8080-exec-7] INFO  c.g.demo.Controller.EmailController - getLabelList (+)
2025-10-26 03:30:29.197 [http-nio-8080-exec-7] INFO  c.g.demo.Controller.EmailController - getLabelList (-)
2025-10-26 03:42:31.583 [http-nio-8080-exec-9] INFO  c.g.demo.Controller.EmailController - getLabelList (+)
2025-10-26 03:42:33.337 [http-nio-8080-exec-9] INFO  c.g.demo.Controller.EmailController - getLabelList (-)
2025-10-26 03:43:13.585 [http-nio-8080-exec-1] INFO  c.g.demo.Controller.EmailController - getLabelList (+)
2025-10-26 03:43:17.884 [http-nio-8080-exec-1] INFO  c.g.demo.Controller.EmailController - getLabelList (-)
2025-10-26 03:50:27.590 [http-nio-8080-exec-5] INFO  c.g.demo.Controller.EmailController - getLabelList (+)
2025-10-26 03:50:29.219 [http-nio-8080-exec-5] INFO  c.g.demo.Controller.EmailController - getLabelList (-)
2025-10-26 04:02:31.583 [http-nio-8080-exec-7] INFO  c.g.demo.Controller.EmailController - getLabelList (+)
2025-10-26 04:02:33.187 [http-nio-8080-exec-7] INFO  c.g.demo.Controller.EmailController - getLabelList (-)
2025-10-26 04:03:13.585 [http-nio-8080-exec-9] INFO  c.g.demo.Controller.EmailController - getLabelList (+)
2025-10-26 04:03:15.346 [http-nio-8080-exec-9] INFO  c.g.demo.Controller.EmailController - getLabelList (-)
2025-10-26 04:10:27.587 [http-nio-8080-exec-3] INFO  c.g.demo.Controller.EmailController - getLabelList (+)
2025-10-26 04:10:29.231 [http-nio-8080-exec-3] INFO  c.g.demo.Controller.EmailController - getLabelList (-)
2025-10-26 04:22:31.582 [http-nio-8080-exec-5] INFO  c.g.demo.Controller.EmailController - getLabelList (+)
2025-10-26 04:22:33.150 [http-nio-8080-exec-5] INFO  c.g.demo.Controller.EmailController - getLabelList (-)
2025-10-26 04:23:13.583 [http-nio-8080-exec-7] INFO  c.g.demo.Controller.EmailController - getLabelList (+)
2025-10-26 04:23:15.283 [http-nio-8080-exec-7] INFO  c.g.demo.Controller.EmailController - getLabelList (-)
2025-10-26 04:30:27.585 [http-nio-8080-exec-1] INFO  c.g.demo.Controller.EmailController - getLabelList (+)
2025-10-26 04:30:29.196 [http-nio-8080-exec-1] INFO  c.g.demo.Controller.EmailController - getLabelList (-)
2025-10-26 04:42:31.583 [http-nio-8080-exec-3] INFO  c.g.demo.Controller.EmailController - getLabelList (+)
2025-10-26 04:42:33.205 [http-nio-8080-exec-3] INFO  c.g.demo.Controller.EmailController - getLabelList (-)
2025-10-26 04:43:13.584 [http-nio-8080-exec-5] INFO  c.g.demo.Controller.EmailController - getLabelList (+)
2025-10-26 04:43:15.347 [http-nio-8080-exec-5] INFO  c.g.demo.Controller.EmailController - getLabelList (-)
2025-10-26 04:50:27.585 [http-nio-8080-exec-9] INFO  c.g.demo.Controller.EmailController - getLabelList (+)
2025-10-26 04:50:29.142 [http-nio-8080-exec-9] INFO  c.g.demo.Controller.EmailController - getLabelList (-)
2025-10-26 05:02:31.587 [http-nio-8080-exec-1] INFO  c.g.demo.Controller.EmailController - getLabelList (+)
2025-10-26 05:02:33.201 [http-nio-8080-exec-1] INFO  c.g.demo.Controller.EmailController - getLabelList (-)
2025-10-26 05:03:13.585 [http-nio-8080-exec-3] INFO  c.g.demo.Controller.EmailController - getLabelList (+)
2025-10-26 05:03:15.291 [http-nio-8080-exec-3] INFO  c.g.demo.Controller.EmailController - getLabelList (-)
2025-10-26 05:10:27.581 [http-nio-8080-exec-7] INFO  c.g.demo.Controller.EmailController - getLabelList (+)
2025-10-26 05:10:29.142 [http-nio-8080-exec-7] INFO  c.g.demo.Controller.EmailController - getLabelList (-)
2025-10-26 05:22:31.584 [http-nio-8080-exec-9] INFO  c.g.demo.Controller.EmailController - getLabelList (+)
2025-10-26 05:22:33.144 [http-nio-8080-exec-9] INFO  c.g.demo.Controller.EmailController - getLabelList (-)
2025-10-26 05:23:13.585 [http-nio-8080-exec-1] INFO  c.g.demo.Controller.EmailController - getLabelList (+)
2025-10-26 05:23:15.208 [http-nio-8080-exec-1] INFO  c.g.demo.Controller.EmailController - getLabelList (-)
2025-10-26 05:30:27.588 [http-nio-8080-exec-5] INFO  c.g.demo.Controller.EmailController - getLabelList (+)
2025-10-26 05:30:29.182 [http-nio-8080-exec-5] INFO  c.g.demo.Controller.EmailController - getLabelList (-)
2025-10-26 05:42:31.584 [http-nio-8080-exec-7] INFO  c.g.demo.Controller.EmailController - getLabelList (+)
2025-10-26 05:42:33.359 [http-nio-8080-exec-7] INFO  c.g.demo.Controller.EmailController - getLabelList (-)
2025-10-26 05:43:13.582 [http-nio-8080-exec-9] INFO  c.g.demo.Controller.EmailController - getLabelList (+)
2025-10-26 05:43:15.192 [http-nio-8080-exec-9] INFO  c.g.demo.Controller.EmailController - getLabelList (-)
2025-10-26 05:50:27.590 [http-nio-8080-exec-3] INFO  c.g.demo.Controller.EmailController - getLabelList (+)
2025-10-26 05:50:29.182 [http-nio-8080-exec-3] INFO  c.g.demo.Controller.EmailController - getLabelList (-)
2025-10-26 06:02:31.582 [http-nio-8080-exec-5] INFO  c.g.demo.Controller.EmailController - getLabelList (+)
2025-10-26 06:02:33.145 [http-nio-8080-exec-5] INFO  c.g.demo.Controller.EmailController - getLabelList (-)
2025-10-26 06:03:13.582 [http-nio-8080-exec-7] INFO  c.g.demo.Controller.EmailController - getLabelList (+)
2025-10-26 06:03:15.343 [http-nio-8080-exec-7] INFO  c.g.demo.Controller.EmailController - getLabelList (-)
2025-10-26 06:10:27.587 [http-nio-8080-exec-1] INFO  c.g.demo.Controller.EmailController - getLabelList (+)
2025-10-26 06:10:29.149 [http-nio-8080-exec-1] INFO  c.g.demo.Controller.EmailController - getLabelList (-)
2025-10-26 06:22:31.584 [http-nio-8080-exec-3] INFO  c.g.demo.Controller.EmailController - getLabelList (+)
2025-10-26 06:22:33.146 [http-nio-8080-exec-3] INFO  c.g.demo.Controller.EmailController - getLabelList (-)
2025-10-26 06:23:13.590 [http-nio-8080-exec-5] INFO  c.g.demo.Controller.EmailController - getLabelList (+)
2025-10-26 06:23:15.155 [http-nio-8080-exec-5] INFO  c.g.demo.Controller.EmailController - getLabelList (-)
2025-10-26 06:30:27.592 [http-nio-8080-exec-9] INFO  c.g.demo.Controller.EmailController - getLabelList (+)
2025-10-26 06:30:29.145 [http-nio-8080-exec-9] INFO  c.g.demo.Controller.EmailController - getLabelList (-)
2025-10-26 06:42:31.583 [http-nio-8080-exec-1] INFO  c.g.demo.Controller.EmailController - getLabelList (+)
2025-10-26 06:42:33.141 [http-nio-8080-exec-1] INFO  c.g.demo.Controller.EmailController - getLabelList (-)
2025-10-26 06:43:13.583 [http-nio-8080-exec-3] INFO  c.g.demo.Controller.EmailController - getLabelList (+)
2025-10-26 06:43:15.353 [http-nio-8080-exec-3] INFO  c.g.demo.Controller.EmailController - getLabelList (-)
2025-10-26 06:50:27.589 [http-nio-8080-exec-7] INFO  c.g.demo.Controller.EmailController - getLabelList (+)
2025-10-26 06:50:29.143 [http-nio-8080-exec-7] INFO  c.g.demo.Controller.EmailController - getLabelList (-)
2025-10-26 07:02:31.579 [http-nio-8080-exec-9] INFO  c.g.demo.Controller.EmailController - getLabelList (+)
2025-10-26 07:02:33.159 [http-nio-8080-exec-9] INFO  c.g.demo.Controller.EmailController - getLabelList (-)
2025-10-26 07:03:13.584 [http-nio-8080-exec-1] INFO  c.g.demo.Controller.EmailController - getLabelList (+)
2025-10-26 07:03:15.252 [http-nio-8080-exec-1] INFO  c.g.demo.Controller.EmailController - getLabelList (-)
2025-10-26 07:10:27.594 [http-nio-8080-exec-5] INFO  c.g.demo.Controller.EmailController - getLabelList (+)
2025-10-26 07:10:29.231 [http-nio-8080-exec-5] INFO  c.g.demo.Controller.EmailController - getLabelList (-)
2025-10-26 07:22:31.582 [http-nio-8080-exec-7] INFO  c.g.demo.Controller.EmailController - getLabelList (+)
2025-10-26 07:22:33.198 [http-nio-8080-exec-7] INFO  c.g.demo.Controller.EmailController - getLabelList (-)
2025-10-26 07:23:13.583 [http-nio-8080-exec-9] INFO  c.g.demo.Controller.EmailController - getLabelList (+)
2025-10-26 07:23:15.211 [http-nio-8080-exec-9] INFO  c.g.demo.Controller.EmailController - getLabelList (-)
2025-10-26 07:30:27.591 [http-nio-8080-exec-3] INFO  c.g.demo.Controller.EmailController - getLabelList (+)
2025-10-26 07:30:29.197 [http-nio-8080-exec-3] INFO  c.g.demo.Controller.EmailController - getLabelList (-)
2025-10-26 07:42:31.579 [http-nio-8080-exec-5] INFO  c.g.demo.Controller.EmailController - getLabelList (+)
2025-10-26 07:42:33.221 [http-nio-8080-exec-5] INFO  c.g.demo.Controller.EmailController - getLabelList (-)
2025-10-26 07:43:13.584 [http-nio-8080-exec-8] INFO  c.g.demo.Controller.EmailController - getLabelList (+)
2025-10-26 07:43:15.301 [http-nio-8080-exec-8] INFO  c.g.demo.Controller.EmailController - getLabelList (-)
2025-10-26 07:50:27.592 [http-nio-8080-exec-1] INFO  c.g.demo.Controller.EmailController - getLabelList (+)
2025-10-26 07:50:29.229 [http-nio-8080-exec-1] INFO  c.g.demo.Controller.EmailController - getLabelList (-)
2025-10-26 08:02:31.579 [http-nio-8080-exec-3] INFO  c.g.demo.Controller.EmailController - getLabelList (+)
2025-10-26 08:02:33.230 [http-nio-8080-exec-3] INFO  c.g.demo.Controller.EmailController - getLabelList (-)
2025-10-26 08:03:13.582 [http-nio-8080-exec-5] INFO  c.g.demo.Controller.EmailController - getLabelList (+)
2025-10-26 08:03:15.362 [http-nio-8080-exec-5] INFO  c.g.demo.Controller.EmailController - getLabelList (-)
2025-10-26 08:10:27.587 [http-nio-8080-exec-9] INFO  c.g.demo.Controller.EmailController - getLabelList (+)
2025-10-26 08:10:29.255 [http-nio-8080-exec-9] INFO  c.g.demo.Controller.EmailController - getLabelList (-)
2025-10-26 08:22:31.581 [http-nio-8080-exec-1] INFO  c.g.demo.Controller.EmailController - getLabelList (+)
2025-10-26 08:22:33.212 [http-nio-8080-exec-1] INFO  c.g.demo.Controller.EmailController - getLabelList (-)
2025-10-26 08:23:13.591 [http-nio-8080-exec-3] INFO  c.g.demo.Controller.EmailController - getLabelList (+)
2025-10-26 08:23:15.260 [http-nio-8080-exec-3] INFO  c.g.demo.Controller.EmailController - getLabelList (-)
2025-10-26 08:30:27.595 [http-nio-8080-exec-7] INFO  c.g.demo.Controller.EmailController - getLabelList (+)
2025-10-26 08:30:29.267 [http-nio-8080-exec-7] INFO  c.g.demo.Controller.EmailController - getLabelList (-)
2025-10-26 08:42:31.582 [http-nio-8080-exec-9] INFO  c.g.demo.Controller.EmailController - getLabelList (+)
2025-10-26 08:42:33.319 [http-nio-8080-exec-9] INFO  c.g.demo.Controller.EmailController - getLabelList (-)
2025-10-26 08:43:13.589 [http-nio-8080-exec-1] INFO  c.g.demo.Controller.EmailController - getLabelList (+)
2025-10-26 08:43:15.341 [http-nio-8080-exec-1] INFO  c.g.demo.Controller.EmailController - getLabelList (-)
2025-10-26 08:50:27.585 [http-nio-8080-exec-5] INFO  c.g.demo.Controller.EmailController - getLabelList (+)
2025-10-26 08:50:29.246 [http-nio-8080-exec-5] INFO  c.g.demo.Controller.EmailController - getLabelList (-)
2025-10-26 09:02:31.582 [http-nio-8080-exec-7] INFO  c.g.demo.Controller.EmailController - getLabelList (+)
2025-10-26 09:02:33.245 [http-nio-8080-exec-7] INFO  c.g.demo.Controller.EmailController - getLabelList (-)
2025-10-26 09:03:13.584 [http-nio-8080-exec-9] INFO  c.g.demo.Controller.EmailController - getLabelList (+)
2025-10-26 09:03:15.388 [http-nio-8080-exec-9] INFO  c.g.demo.Controller.EmailController - getLabelList (-)
2025-10-26 09:10:27.585 [http-nio-8080-exec-3] INFO  c.g.demo.Controller.EmailController - getLabelList (+)
2025-10-26 09:10:29.309 [http-nio-8080-exec-3] INFO  c.g.demo.Controller.EmailController - getLabelList (-)
2025-10-26 09:22:31.584 [http-nio-8080-exec-5] INFO  c.g.demo.Controller.EmailController - getLabelList (+)
2025-10-26 09:22:33.334 [http-nio-8080-exec-5] INFO  c.g.demo.Controller.EmailController - getLabelList (-)
2025-10-26 09:23:13.585 [http-nio-8080-exec-7] INFO  c.g.demo.Controller.EmailController - getLabelList (+)
2025-10-26 09:23:15.361 [http-nio-8080-exec-7] INFO  c.g.demo.Controller.EmailController - getLabelList (-)
2025-10-26 09:30:27.589 [http-nio-8080-exec-1] INFO  c.g.demo.Controller.EmailController - getLabelList (+)
2025-10-26 09:30:29.348 [http-nio-8080-exec-1] INFO  c.g.demo.Controller.EmailController - getLabelList (-)
2025-10-26 09:42:31.590 [http-nio-8080-exec-3] INFO  c.g.demo.Controller.EmailController - getLabelList (+)
2025-10-26 09:42:33.361 [http-nio-8080-exec-3] INFO  c.g.demo.Controller.EmailController - getLabelList (-)
2025-10-26 09:43:13.588 [http-nio-8080-exec-5] INFO  c.g.demo.Controller.EmailController - getLabelList (+)
2025-10-26 09:43:15.382 [http-nio-8080-exec-5] INFO  c.g.demo.Controller.EmailController - getLabelList (-)
2025-10-26 09:50:27.592 [http-nio-8080-exec-9] INFO  c.g.demo.Controller.EmailController - getLabelList (+)
2025-10-26 09:50:29.325 [http-nio-8080-exec-9] INFO  c.g.demo.Controller.EmailController - getLabelList (-)
2025-10-26 10:02:31.585 [http-nio-8080-exec-1] INFO  c.g.demo.Controller.EmailController - getLabelList (+)
2025-10-26 10:02:37.447 [http-nio-8080-exec-1] INFO  c.g.demo.Controller.EmailController - getLabelList (-)
2025-10-26 10:03:13.585 [http-nio-8080-exec-3] INFO  c.g.demo.Controller.EmailController - getLabelList (+)
2025-10-26 10:03:15.379 [http-nio-8080-exec-3] INFO  c.g.demo.Controller.EmailController - getLabelList (-)
2025-10-26 10:10:27.586 [http-nio-8080-exec-7] INFO  c.g.demo.Controller.EmailController - getLabelList (+)
2025-10-26 10:10:29.382 [http-nio-8080-exec-7] INFO  c.g.demo.Controller.EmailController - getLabelList (-)
2025-10-26 10:22:31.589 [http-nio-8080-exec-9] INFO  c.g.demo.Controller.EmailController - getLabelList (+)
2025-10-26 10:22:33.388 [http-nio-8080-exec-9] INFO  c.g.demo.Controller.EmailController - getLabelList (-)
2025-10-26 10:23:13.586 [http-nio-8080-exec-1] INFO  c.g.demo.Controller.EmailController - getLabelList (+)
2025-10-26 10:23:15.441 [http-nio-8080-exec-1] INFO  c.g.demo.Controller.EmailController - getLabelList (-)
2025-10-26 10:30:27.586 [http-nio-8080-exec-5] INFO  c.g.demo.Controller.EmailController - getLabelList (+)
2025-10-26 10:30:30.465 [http-nio-8080-exec-5] INFO  c.g.demo.Controller.EmailController - getLabelList (-)
2025-10-26 10:42:31.589 [http-nio-8080-exec-7] INFO  c.g.demo.Controller.EmailController - getLabelList (+)
2025-10-26 10:42:33.507 [http-nio-8080-exec-7] INFO  c.g.demo.Controller.EmailController - getLabelList (-)
2025-10-26 10:43:13.585 [http-nio-8080-exec-9] INFO  c.g.demo.Controller.EmailController - getLabelList (+)
2025-10-26 10:43:15.461 [http-nio-8080-exec-9] INFO  c.g.demo.Controller.EmailController - getLabelList (-)
2025-10-26 10:50:27.584 [http-nio-8080-exec-3] INFO  c.g.demo.Controller.EmailController - getLabelList (+)
2025-10-26 10:50:29.464 [http-nio-8080-exec-3] INFO  c.g.demo.Controller.EmailController - getLabelList (-)
2025-10-26 11:02:31.589 [http-nio-8080-exec-5] INFO  c.g.demo.Controller.EmailController - getLabelList (+)
2025-10-26 11:02:33.524 [http-nio-8080-exec-5] INFO  c.g.demo.Controller.EmailController - getLabelList (-)
2025-10-26 11:03:13.587 [http-nio-8080-exec-7] INFO  c.g.demo.Controller.EmailController - getLabelList (+)
2025-10-26 11:03:15.525 [http-nio-8080-exec-7] INFO  c.g.demo.Controller.EmailController - getLabelList (-)
2025-10-26 11:10:27.583 [http-nio-8080-exec-1] INFO  c.g.demo.Controller.EmailController - getLabelList (+)
2025-10-26 11:10:29.517 [http-nio-8080-exec-1] INFO  c.g.demo.Controller.EmailController - getLabelList (-)
2025-10-26 11:22:31.584 [http-nio-8080-exec-3] INFO  c.g.demo.Controller.EmailController - getLabelList (+)
2025-10-26 11:22:33.558 [http-nio-8080-exec-3] INFO  c.g.demo.Controller.EmailController - getLabelList (-)
2025-10-26 11:23:13.585 [http-nio-8080-exec-5] INFO  c.g.demo.Controller.EmailController - getLabelList (+)
2025-10-26 11:23:15.559 [http-nio-8080-exec-5] INFO  c.g.demo.Controller.EmailController - getLabelList (-)
2025-10-26 11:30:27.589 [http-nio-8080-exec-9] INFO  c.g.demo.Controller.EmailController - getLabelList (+)
2025-10-26 11:30:29.557 [http-nio-8080-exec-9] INFO  c.g.demo.Controller.EmailController - getLabelList (-)
2025-10-26 11:42:31.588 [http-nio-8080-exec-1] INFO  c.g.demo.Controller.EmailController - getLabelList (+)
2025-10-26 11:42:33.632 [http-nio-8080-exec-1] INFO  c.g.demo.Controller.EmailController - getLabelList (-)
2025-10-26 11:43:13.583 [http-nio-8080-exec-3] INFO  c.g.demo.Controller.EmailController - getLabelList (+)
2025-10-26 11:43:15.636 [http-nio-8080-exec-3] INFO  c.g.demo.Controller.EmailController - getLabelList (-)
2025-10-26 11:50:27.589 [http-nio-8080-exec-7] INFO  c.g.demo.Controller.EmailController - getLabelList (+)
2025-10-26 11:50:29.674 [http-nio-8080-exec-7] INFO  c.g.demo.Controller.EmailController - getLabelList (-)
2025-10-26 12:02:31.585 [http-nio-8080-exec-9] INFO  c.g.demo.Controller.EmailController - getLabelList (+)
2025-10-26 12:02:33.696 [http-nio-8080-exec-9] INFO  c.g.demo.Controller.EmailController - getLabelList (-)
2025-10-26 12:03:13.587 [http-nio-8080-exec-1] INFO  c.g.demo.Controller.EmailController - getLabelList (+)
2025-10-26 12:03:15.760 [http-nio-8080-exec-1] INFO  c.g.demo.Controller.EmailController - getLabelList (-)
2025-10-26 12:10:27.591 [http-nio-8080-exec-5] INFO  c.g.demo.Controller.EmailController - getLabelList (+)
2025-10-26 12:10:29.705 [http-nio-8080-exec-5] INFO  c.g.demo.Controller.EmailController - getLabelList (-)
2025-10-26 12:22:31.587 [http-nio-8080-exec-7] INFO  c.g.demo.Controller.EmailController - getLabelList (+)
2025-10-26 12:22:33.734 [http-nio-8080-exec-7] INFO  c.g.demo.Controller.EmailController - getLabelList (-)
2025-10-26 12:23:13.589 [http-nio-8080-exec-9] INFO  c.g.demo.Controller.EmailController - getLabelList (+)
2025-10-26 12:23:15.731 [http-nio-8080-exec-9] INFO  c.g.demo.Controller.EmailController - getLabelList (-)
2025-10-26 12:30:27.590 [http-nio-8080-exec-3] INFO  c.g.demo.Controller.EmailController - getLabelList (+)
2025-10-26 12:30:29.800 [http-nio-8080-exec-3] INFO  c.g.demo.Controller.EmailController - getLabelList (-)
2025-10-26 12:42:31.589 [http-nio-8080-exec-5] INFO  c.g.demo.Controller.EmailController - getLabelList (+)
2025-10-26 12:42:33.649 [http-nio-8080-exec-5] INFO  c.g.demo.Controller.EmailController - getLabelList (-)
2025-10-26 12:43:13.585 [http-nio-8080-exec-7] INFO  c.g.demo.Controller.EmailController - getLabelList (+)
2025-10-26 12:43:15.655 [http-nio-8080-exec-7] INFO  c.g.demo.Controller.EmailController - getLabelList (-)
2025-10-26 12:50:27.593 [http-nio-8080-exec-1] INFO  c.g.demo.Controller.EmailController - getLabelList (+)
2025-10-26 12:50:29.683 [http-nio-8080-exec-1] INFO  c.g.demo.Controller.EmailController - getLabelList (-)
2025-10-26 13:02:31.579 [http-nio-8080-exec-3] INFO  c.g.demo.Controller.EmailController - getLabelList (+)
2025-10-26 13:02:33.711 [http-nio-8080-exec-3] INFO  c.g.demo.Controller.EmailController - getLabelList (-)
2025-10-26 13:03:13.585 [http-nio-8080-exec-5] INFO  c.g.demo.Controller.EmailController - getLabelList (+)
2025-10-26 13:03:15.731 [http-nio-8080-exec-5] INFO  c.g.demo.Controller.EmailController - getLabelList (-)
2025-10-26 13:10:27.591 [http-nio-8080-exec-9] INFO  c.g.demo.Controller.EmailController - getLabelList (+)
2025-10-26 13:10:29.686 [http-nio-8080-exec-9] INFO  c.g.demo.Controller.EmailController - getLabelList (-)
2025-10-26 13:22:31.582 [http-nio-8080-exec-1] INFO  c.g.demo.Controller.EmailController - getLabelList (+)
2025-10-26 13:22:33.778 [http-nio-8080-exec-1] INFO  c.g.demo.Controller.EmailController - getLabelList (-)
2025-10-26 13:23:13.588 [http-nio-8080-exec-3] INFO  c.g.demo.Controller.EmailController - getLabelList (+)
2025-10-26 13:23:15.809 [http-nio-8080-exec-3] INFO  c.g.demo.Controller.EmailController - getLabelList (-)
2025-10-26 13:30:27.590 [http-nio-8080-exec-7] INFO  c.g.demo.Controller.EmailController - getLabelList (+)
2025-10-26 13:30:29.819 [http-nio-8080-exec-7] INFO  c.g.demo.Controller.EmailController - getLabelList (-)
2025-10-26 13:42:31.584 [http-nio-8080-exec-9] INFO  c.g.demo.Controller.EmailController - getLabelList (+)
2025-10-26 13:42:33.621 [http-nio-8080-exec-9] INFO  c.g.demo.Controller.EmailController - getLabelList (-)
2025-10-26 13:43:13.588 [http-nio-8080-exec-1] INFO  c.g.demo.Controller.EmailController - getLabelList (+)
2025-10-26 13:43:15.628 [http-nio-8080-exec-1] INFO  c.g.demo.Controller.EmailController - getLabelList (-)
2025-10-26 13:50:27.588 [http-nio-8080-exec-5] INFO  c.g.demo.Controller.EmailController - getLabelList (+)
2025-10-26 13:50:29.600 [http-nio-8080-exec-5] INFO  c.g.demo.Controller.EmailController - getLabelList (-)
2025-10-26 14:02:31.582 [http-nio-8080-exec-7] INFO  c.g.demo.Controller.EmailController - getLabelList (+)
2025-10-26 14:02:33.659 [http-nio-8080-exec-7] INFO  c.g.demo.Controller.EmailController - getLabelList (-)
2025-10-26 14:03:13.586 [http-nio-8080-exec-9] INFO  c.g.demo.Controller.EmailController - getLabelList (+)
2025-10-26 14:03:15.651 [http-nio-8080-exec-9] INFO  c.g.demo.Controller.EmailController - getLabelList (-)
2025-10-26 14:10:27.591 [http-nio-8080-exec-3] INFO  c.g.demo.Controller.EmailController - getLabelList (+)
2025-10-26 14:10:29.701 [http-nio-8080-exec-3] INFO  c.g.demo.Controller.EmailController - getLabelList (-)
2025-10-26 14:22:31.584 [http-nio-8080-exec-5] INFO  c.g.demo.Controller.EmailController - getLabelList (+)
2025-10-26 14:22:33.716 [http-nio-8080-exec-5] INFO  c.g.demo.Controller.EmailController - getLabelList (-)
2025-10-26 14:23:13.587 [http-nio-8080-exec-7] INFO  c.g.demo.Controller.EmailController - getLabelList (+)
2025-10-26 14:23:15.730 [http-nio-8080-exec-7] INFO  c.g.demo.Controller.EmailController - getLabelList (-)
2025-10-26 14:30:27.591 [http-nio-8080-exec-1] INFO  c.g.demo.Controller.EmailController - getLabelList (+)
2025-10-26 14:30:29.795 [http-nio-8080-exec-1] INFO  c.g.demo.Controller.EmailController - getLabelList (-)
2025-10-26 14:42:31.585 [http-nio-8080-exec-3] INFO  c.g.demo.Controller.EmailController - getLabelList (+)
2025-10-26 14:42:33.515 [http-nio-8080-exec-3] INFO  c.g.demo.Controller.EmailController - getLabelList (-)
2025-10-26 14:43:13.591 [http-nio-8080-exec-5] INFO  c.g.demo.Controller.EmailController - getLabelList (+)
2025-10-26 14:43:15.604 [http-nio-8080-exec-5] INFO  c.g.demo.Controller.EmailController - getLabelList (-)
2025-10-26 14:50:27.585 [http-nio-8080-exec-9] INFO  c.g.demo.Controller.EmailController - getLabelList (+)
2025-10-26 14:50:29.589 [http-nio-8080-exec-9] INFO  c.g.demo.Controller.EmailController - getLabelList (-)
2025-10-26 15:02:31.585 [http-nio-8080-exec-1] INFO  c.g.demo.Controller.EmailController - getLabelList (+)
2025-10-26 15:02:33.601 [http-nio-8080-exec-1] INFO  c.g.demo.Controller.EmailController - getLabelList (-)
2025-10-26 15:03:13.591 [http-nio-8080-exec-3] INFO  c.g.demo.Controller.EmailController - getLabelList (+)
2025-10-26 15:03:15.670 [http-nio-8080-exec-3] INFO  c.g.demo.Controller.EmailController - getLabelList (-)
2025-10-26 15:10:27.586 [http-nio-8080-exec-7] INFO  c.g.demo.Controller.EmailController - getLabelList (+)
2025-10-26 15:10:29.623 [http-nio-8080-exec-7] INFO  c.g.demo.Controller.EmailController - getLabelList (-)
2025-10-26 15:22:31.584 [http-nio-8080-exec-9] INFO  c.g.demo.Controller.EmailController - getLabelList (+)
2025-10-26 15:22:33.706 [http-nio-8080-exec-9] INFO  c.g.demo.Controller.EmailController - getLabelList (-)
2025-10-26 15:23:13.587 [http-nio-8080-exec-1] INFO  c.g.demo.Controller.EmailController - getLabelList (+)
2025-10-26 15:23:15.660 [http-nio-8080-exec-1] INFO  c.g.demo.Controller.EmailController - getLabelList (-)
2025-10-26 15:30:27.585 [http-nio-8080-exec-5] INFO  c.g.demo.Controller.EmailController - getLabelList (+)
2025-10-26 15:30:29.691 [http-nio-8080-exec-5] INFO  c.g.demo.Controller.EmailController - getLabelList (-)
2025-10-26 15:42:31.581 [http-nio-8080-exec-7] INFO  c.g.demo.Controller.EmailController - getLabelList (+)
2025-10-26 15:42:33.617 [http-nio-8080-exec-7] INFO  c.g.demo.Controller.EmailController - getLabelList (-)
2025-10-26 15:43:13.585 [http-nio-8080-exec-9] INFO  c.g.demo.Controller.EmailController - getLabelList (+)
2025-10-26 15:43:15.653 [http-nio-8080-exec-9] INFO  c.g.demo.Controller.EmailController - getLabelList (-)
2025-10-26 15:50:27.590 [http-nio-8080-exec-3] INFO  c.g.demo.Controller.EmailController - getLabelList (+)
2025-10-26 15:50:29.576 [http-nio-8080-exec-3] INFO  c.g.demo.Controller.EmailController - getLabelList (-)
2025-10-26 16:02:31.580 [http-nio-8080-exec-5] INFO  c.g.demo.Controller.EmailController - getLabelList (+)
2025-10-26 16:02:33.640 [http-nio-8080-exec-5] INFO  c.g.demo.Controller.EmailController - getLabelList (-)
2025-10-26 16:03:13.588 [http-nio-8080-exec-7] INFO  c.g.demo.Controller.EmailController - getLabelList (+)
2025-10-26 16:03:15.713 [http-nio-8080-exec-7] INFO  c.g.demo.Controller.EmailController - getLabelList (-)
2025-10-26 16:10:27.587 [http-nio-8080-exec-1] INFO  c.g.demo.Controller.EmailController - getLabelList (+)
2025-10-26 16:10:29.617 [http-nio-8080-exec-1] INFO  c.g.demo.Controller.EmailController - getLabelList (-)
2025-10-26 16:22:31.588 [http-nio-8080-exec-3] INFO  c.g.demo.Controller.EmailController - getLabelList (+)
2025-10-26 16:22:33.779 [http-nio-8080-exec-3] INFO  c.g.demo.Controller.EmailController - getLabelList (-)
2025-10-26 16:23:13.586 [http-nio-8080-exec-5] INFO  c.g.demo.Controller.EmailController - getLabelList (+)
2025-10-26 16:23:15.868 [http-nio-8080-exec-5] INFO  c.g.demo.Controller.EmailController - getLabelList (-)
2025-10-26 16:30:27.585 [http-nio-8080-exec-9] INFO  c.g.demo.Controller.EmailController - getLabelList (+)
2025-10-26 16:30:38.906 [http-nio-8080-exec-9] INFO  c.g.demo.Controller.EmailController - getLabelList (-)
2025-10-26 16:42:31.583 [http-nio-8080-exec-1] INFO  c.g.demo.Controller.EmailController - getLabelList (+)
2025-10-26 16:42:33.570 [http-nio-8080-exec-1] INFO  c.g.demo.Controller.EmailController - getLabelList (-)
2025-10-26 16:43:13.585 [http-nio-8080-exec-3] INFO  c.g.demo.Controller.EmailController - getLabelList (+)
2025-10-26 16:43:15.581 [http-nio-8080-exec-3] INFO  c.g.demo.Controller.EmailController - getLabelList (-)
2025-10-26 16:50:27.585 [http-nio-8080-exec-7] INFO  c.g.demo.Controller.EmailController - getLabelList (+)
2025-10-26 16:50:29.565 [http-nio-8080-exec-7] INFO  c.g.demo.Controller.EmailController - getLabelList (-)
2025-10-26 17:02:31.581 [http-nio-8080-exec-9] INFO  c.g.demo.Controller.EmailController - getLabelList (+)
2025-10-26 17:02:33.623 [http-nio-8080-exec-9] INFO  c.g.demo.Controller.EmailController - getLabelList (-)
2025-10-26 17:03:13.586 [http-nio-8080-exec-1] INFO  c.g.demo.Controller.EmailController - getLabelList (+)
2025-10-26 17:03:15.636 [http-nio-8080-exec-1] INFO  c.g.demo.Controller.EmailController - getLabelList (-)
2025-10-26 17:10:27.588 [http-nio-8080-exec-5] INFO  c.g.demo.Controller.EmailController - getLabelList (+)
2025-10-26 17:10:29.665 [http-nio-8080-exec-5] INFO  c.g.demo.Controller.EmailController - getLabelList (-)
2025-10-26 17:22:31.584 [http-nio-8080-exec-7] INFO  c.g.demo.Controller.EmailController - getLabelList (+)
2025-10-26 17:22:35.712 [http-nio-8080-exec-7] INFO  c.g.demo.Controller.EmailController - getLabelList (-)
2025-10-26 17:23:13.587 [http-nio-8080-exec-9] INFO  c.g.demo.Controller.EmailController - getLabelList (+)
2025-10-26 17:23:15.814 [http-nio-8080-exec-9] INFO  c.g.demo.Controller.EmailController - getLabelList (-)
2025-10-26 17:30:27.588 [http-nio-8080-exec-3] INFO  c.g.demo.Controller.EmailController - getLabelList (+)
2025-10-26 17:30:29.721 [http-nio-8080-exec-3] INFO  c.g.demo.Controller.EmailController - getLabelList (-)
2025-10-26 17:42:31.581 [http-nio-8080-exec-5] INFO  c.g.demo.Controller.EmailController - getLabelList (+)
2025-10-26 17:42:33.548 [http-nio-8080-exec-5] INFO  c.g.demo.Controller.EmailController - getLabelList (-)
2025-10-26 17:43:13.585 [http-nio-8080-exec-7] INFO  c.g.demo.Controller.EmailController - getLabelList (+)
2025-10-26 17:43:15.559 [http-nio-8080-exec-7] INFO  c.g.demo.Controller.EmailController - getLabelList (-)
2025-10-26 17:50:27.637 [http-nio-8080-exec-1] INFO  c.g.demo.Controller.EmailController - getLabelList (+)
2025-10-26 17:50:29.607 [http-nio-8080-exec-1] INFO  c.g.demo.Controller.EmailController - getLabelList (-)
2025-10-26 18:02:31.588 [http-nio-8080-exec-3] INFO  c.g.demo.Controller.EmailController - getLabelList (+)
2025-10-26 18:02:33.629 [http-nio-8080-exec-3] INFO  c.g.demo.Controller.EmailController - getLabelList (-)
2025-10-26 18:03:13.585 [http-nio-8080-exec-5] INFO  c.g.demo.Controller.EmailController - getLabelList (+)
2025-10-26 18:03:15.602 [http-nio-8080-exec-5] INFO  c.g.demo.Controller.EmailController - getLabelList (-)
2025-10-26 18:10:27.582 [http-nio-8080-exec-9] INFO  c.g.demo.Controller.EmailController - getLabelList (+)
2025-10-26 18:10:29.702 [http-nio-8080-exec-9] INFO  c.g.demo.Controller.EmailController - getLabelList (-)
2025-10-26 18:22:31.581 [http-nio-8080-exec-1] INFO  c.g.demo.Controller.EmailController - getLabelList (+)
2025-10-26 18:22:33.684 [http-nio-8080-exec-1] INFO  c.g.demo.Controller.EmailController - getLabelList (-)
2025-10-26 18:23:13.585 [http-nio-8080-exec-3] INFO  c.g.demo.Controller.EmailController - getLabelList (+)
2025-10-26 18:23:15.666 [http-nio-8080-exec-3] INFO  c.g.demo.Controller.EmailController - getLabelList (-)
2025-10-26 18:30:27.590 [http-nio-8080-exec-7] INFO  c.g.demo.Controller.EmailController - getLabelList (+)
2025-10-26 18:30:29.733 [http-nio-8080-exec-7] INFO  c.g.demo.Controller.EmailController - getLabelList (-)
2025-10-26 18:42:31.584 [http-nio-8080-exec-9] INFO  c.g.demo.Controller.EmailController - getLabelList (+)
2025-10-26 18:42:33.541 [http-nio-8080-exec-9] INFO  c.g.demo.Controller.EmailController - getLabelList (-)
2025-10-26 18:43:13.588 [http-nio-8080-exec-1] INFO  c.g.demo.Controller.EmailController - getLabelList (+)
2025-10-26 18:43:15.573 [http-nio-8080-exec-1] INFO  c.g.demo.Controller.EmailController - getLabelList (-)
2025-10-26 18:50:27.588 [http-nio-8080-exec-5] INFO  c.g.demo.Controller.EmailController - getLabelList (+)
2025-10-26 18:50:29.600 [http-nio-8080-exec-5] INFO  c.g.demo.Controller.EmailController - getLabelList (-)
2025-10-26 19:02:31.591 [http-nio-8080-exec-7] INFO  c.g.demo.Controller.EmailController - getLabelList (+)
2025-10-26 19:02:33.641 [http-nio-8080-exec-7] INFO  c.g.demo.Controller.EmailController - getLabelList (-)
2025-10-26 19:03:13.583 [http-nio-8080-exec-9] INFO  c.g.demo.Controller.EmailController - getLabelList (+)
2025-10-26 19:03:15.651 [http-nio-8080-exec-9] INFO  c.g.demo.Controller.EmailController - getLabelList (-)
2025-10-26 19:10:27.583 [http-nio-8080-exec-3] INFO  c.g.demo.Controller.EmailController - getLabelList (+)
2025-10-26 19:10:29.640 [http-nio-8080-exec-3] INFO  c.g.demo.Controller.EmailController - getLabelList (-)
2025-10-26 19:22:31.585 [http-nio-8080-exec-5] INFO  c.g.demo.Controller.EmailController - getLabelList (+)
2025-10-26 19:22:33.674 [http-nio-8080-exec-5] INFO  c.g.demo.Controller.EmailController - getLabelList (-)
2025-10-26 19:23:13.584 [http-nio-8080-exec-7] INFO  c.g.demo.Controller.EmailController - getLabelList (+)
2025-10-26 19:23:15.695 [http-nio-8080-exec-7] INFO  c.g.demo.Controller.EmailController - getLabelList (-)
2025-10-26 19:30:27.587 [http-nio-8080-exec-1] INFO  c.g.demo.Controller.EmailController - getLabelList (+)
2025-10-26 19:30:29.715 [http-nio-8080-exec-1] INFO  c.g.demo.Controller.EmailController - getLabelList (-)
2025-10-26 19:42:31.583 [http-nio-8080-exec-3] INFO  c.g.demo.Controller.EmailController - getLabelList (+)
2025-10-26 19:42:33.562 [http-nio-8080-exec-3] INFO  c.g.demo.Controller.EmailController - getLabelList (-)
2025-10-26 19:43:13.586 [http-nio-8080-exec-5] INFO  c.g.demo.Controller.EmailController - getLabelList (+)
2025-10-26 19:43:15.562 [http-nio-8080-exec-5] INFO  c.g.demo.Controller.EmailController - getLabelList (-)
2025-10-26 19:50:27.589 [http-nio-8080-exec-9] INFO  c.g.demo.Controller.EmailController - getLabelList (+)
2025-10-26 19:50:29.573 [http-nio-8080-exec-9] INFO  c.g.demo.Controller.EmailController - getLabelList (-)
2025-10-26 20:02:31.586 [http-nio-8080-exec-1] INFO  c.g.demo.Controller.EmailController - getLabelList (+)
2025-10-26 20:02:33.597 [http-nio-8080-exec-1] INFO  c.g.demo.Controller.EmailController - getLabelList (-)
2025-10-26 20:03:13.586 [http-nio-8080-exec-3] INFO  c.g.demo.Controller.EmailController - getLabelList (+)
2025-10-26 20:03:15.593 [http-nio-8080-exec-3] INFO  c.g.demo.Controller.EmailController - getLabelList (-)
2025-10-26 20:10:27.591 [http-nio-8080-exec-7] INFO  c.g.demo.Controller.EmailController - getLabelList (+)
2025-10-26 20:10:29.633 [http-nio-8080-exec-7] INFO  c.g.demo.Controller.EmailController - getLabelList (-)
2025-10-26 20:22:31.580 [http-nio-8080-exec-9] INFO  c.g.demo.Controller.EmailController - getLabelList (+)
2025-10-26 20:22:33.831 [http-nio-8080-exec-9] INFO  c.g.demo.Controller.EmailController - getLabelList (-)
2025-10-26 20:23:13.649 [http-nio-8080-exec-1] INFO  c.g.demo.Controller.EmailController - getLabelList (+)
2025-10-26 20:23:15.723 [http-nio-8080-exec-1] INFO  c.g.demo.Controller.EmailController - getLabelList (-)
2025-10-26 20:30:27.594 [http-nio-8080-exec-5] INFO  c.g.demo.Controller.EmailController - getLabelList (+)
2025-10-26 20:30:29.701 [http-nio-8080-exec-5] INFO  c.g.demo.Controller.EmailController - getLabelList (-)
2025-10-26 20:42:31.584 [http-nio-8080-exec-7] INFO  c.g.demo.Controller.EmailController - getLabelList (+)
2025-10-26 20:42:33.567 [http-nio-8080-exec-7] INFO  c.g.demo.Controller.EmailController - getLabelList (-)
2025-10-26 20:43:13.586 [http-nio-8080-exec-9] INFO  c.g.demo.Controller.EmailController - getLabelList (+)
2025-10-26 20:43:15.573 [http-nio-8080-exec-9] INFO  c.g.demo.Controller.EmailController - getLabelList (-)
2025-10-26 20:50:27.593 [http-nio-8080-exec-3] INFO  c.g.demo.Controller.EmailController - getLabelList (+)
2025-10-26 20:50:29.667 [http-nio-8080-exec-3] INFO  c.g.demo.Controller.EmailController - getLabelList (-)
2025-10-26 21:02:31.582 [http-nio-8080-exec-5] INFO  c.g.demo.Controller.EmailController - getLabelList (+)
2025-10-26 21:02:33.587 [http-nio-8080-exec-5] INFO  c.g.demo.Controller.EmailController - getLabelList (-)
2025-10-26 21:03:13.583 [http-nio-8080-exec-7] INFO  c.g.demo.Controller.EmailController - getLabelList (+)
2025-10-26 21:03:15.636 [http-nio-8080-exec-7] INFO  c.g.demo.Controller.EmailController - getLabelList (-)
2025-10-26 21:10:27.600 [http-nio-8080-exec-1] INFO  c.g.demo.Controller.EmailController - getLabelList (+)
2025-10-26 21:10:29.637 [http-nio-8080-exec-1] INFO  c.g.demo.Controller.EmailController - getLabelList (-)
2025-10-26 21:22:31.585 [http-nio-8080-exec-3] INFO  c.g.demo.Controller.EmailController - getLabelList (+)
2025-10-26 21:22:33.659 [http-nio-8080-exec-3] INFO  c.g.demo.Controller.EmailController - getLabelList (-)
2025-10-26 21:23:13.583 [http-nio-8080-exec-5] INFO  c.g.demo.Controller.EmailController - getLabelList (+)
2025-10-26 21:23:15.679 [http-nio-8080-exec-5] INFO  c.g.demo.Controller.EmailController - getLabelList (-)
2025-10-26 21:30:27.592 [http-nio-8080-exec-9] INFO  c.g.demo.Controller.EmailController - getLabelList (+)
2025-10-26 21:30:29.737 [http-nio-8080-exec-9] INFO  c.g.demo.Controller.EmailController - getLabelList (-)
2025-10-26 21:42:31.582 [http-nio-8080-exec-1] INFO  c.g.demo.Controller.EmailController - getLabelList (+)
2025-10-26 21:42:33.780 [http-nio-8080-exec-1] INFO  c.g.demo.Controller.EmailController - getLabelList (-)
2025-10-26 21:43:13.585 [http-nio-8080-exec-3] INFO  c.g.demo.Controller.EmailController - getLabelList (+)
2025-10-26 21:43:15.563 [http-nio-8080-exec-3] INFO  c.g.demo.Controller.EmailController - getLabelList (-)
2025-10-26 21:50:27.587 [http-nio-8080-exec-7] INFO  c.g.demo.Controller.EmailController - getLabelList (+)
2025-10-26 21:50:29.572 [http-nio-8080-exec-7] INFO  c.g.demo.Controller.EmailController - getLabelList (-)
2025-10-26 22:02:31.584 [http-nio-8080-exec-9] INFO  c.g.demo.Controller.EmailController - getLabelList (+)
2025-10-26 22:02:33.711 [http-nio-8080-exec-9] INFO  c.g.demo.Controller.EmailController - getLabelList (-)
2025-10-26 22:03:13.585 [http-nio-8080-exec-1] INFO  c.g.demo.Controller.EmailController - getLabelList (+)
2025-10-26 22:03:15.620 [http-nio-8080-exec-1] INFO  c.g.demo.Controller.EmailController - getLabelList (-)
2025-10-26 22:10:27.584 [http-nio-8080-exec-5] INFO  c.g.demo.Controller.EmailController - getLabelList (+)
2025-10-26 22:10:29.745 [http-nio-8080-exec-5] INFO  c.g.demo.Controller.EmailController - getLabelList (-)
2025-10-26 22:22:31.587 [http-nio-8080-exec-7] INFO  c.g.demo.Controller.EmailController - getLabelList (+)
2025-10-26 22:22:33.656 [http-nio-8080-exec-7] INFO  c.g.demo.Controller.EmailController - getLabelList (-)
2025-10-26 22:23:13.584 [http-nio-8080-exec-9] INFO  c.g.demo.Controller.EmailController - getLabelList (+)
2025-10-26 22:23:15.666 [http-nio-8080-exec-9] INFO  c.g.demo.Controller.EmailController - getLabelList (-)
2025-10-26 22:30:27.589 [http-nio-8080-exec-3] INFO  c.g.demo.Controller.EmailController - getLabelList (+)
2025-10-26 22:30:29.709 [http-nio-8080-exec-3] INFO  c.g.demo.Controller.EmailController - getLabelList (-)
2025-10-26 22:42:31.589 [http-nio-8080-exec-5] INFO  c.g.demo.Controller.EmailController - getLabelList (+)
2025-10-26 22:42:33.531 [http-nio-8080-exec-5] INFO  c.g.demo.Controller.EmailController - getLabelList (-)
2025-10-26 22:43:13.590 [http-nio-8080-exec-7] INFO  c.g.demo.Controller.EmailController - getLabelList (+)
2025-10-26 22:43:15.571 [http-nio-8080-exec-7] INFO  c.g.demo.Controller.EmailController - getLabelList (-)
2025-10-26 22:50:27.589 [http-nio-8080-exec-1] INFO  c.g.demo.Controller.EmailController - getLabelList (+)
2025-10-26 22:50:29.599 [http-nio-8080-exec-1] INFO  c.g.demo.Controller.EmailController - getLabelList (-)
2025-10-26 23:02:31.582 [http-nio-8080-exec-3] INFO  c.g.demo.Controller.EmailController - getLabelList (+)
2025-10-26 23:02:33.658 [http-nio-8080-exec-3] INFO  c.g.demo.Controller.EmailController - getLabelList (-)
2025-10-26 23:03:13.594 [http-nio-8080-exec-5] INFO  c.g.demo.Controller.EmailController - getLabelList (+)
2025-10-26 23:03:15.667 [http-nio-8080-exec-5] INFO  c.g.demo.Controller.EmailController - getLabelList (-)
2025-10-26 23:10:27.592 [http-nio-8080-exec-9] INFO  c.g.demo.Controller.EmailController - getLabelList (+)
2025-10-26 23:10:29.658 [http-nio-8080-exec-9] INFO  c.g.demo.Controller.EmailController - getLabelList (-)
2025-10-26 23:22:31.595 [http-nio-8080-exec-1] INFO  c.g.demo.Controller.EmailController - getLabelList (+)
2025-10-26 23:22:33.805 [http-nio-8080-exec-1] INFO  c.g.demo.Controller.EmailController - getLabelList (-)
2025-10-26 23:23:13.587 [http-nio-8080-exec-3] INFO  c.g.demo.Controller.EmailController - getLabelList (+)
2025-10-26 23:23:15.825 [http-nio-8080-exec-3] INFO  c.g.demo.Controller.EmailController - getLabelList (-)
2025-10-26 23:30:27.599 [http-nio-8080-exec-7] INFO  c.g.demo.Controller.EmailController - getLabelList (+)
2025-10-26 23:30:29.736 [http-nio-8080-exec-7] INFO  c.g.demo.Controller.EmailController - getLabelList (-)
2025-10-26 23:42:31.582 [http-nio-8080-exec-9] INFO  c.g.demo.Controller.EmailController - getLabelList (+)
2025-10-26 23:42:33.535 [http-nio-8080-exec-9] INFO  c.g.demo.Controller.EmailController - getLabelList (-)
2025-10-26 23:43:13.585 [http-nio-8080-exec-1] INFO  c.g.demo.Controller.EmailController - getLabelList (+)
2025-10-26 23:43:15.581 [http-nio-8080-exec-1] INFO  c.g.demo.Controller.EmailController - getLabelList (-)
2025-10-26 23:50:27.597 [http-nio-8080-exec-5] INFO  c.g.demo.Controller.EmailController - getLabelList (+)
2025-10-26 23:50:29.608 [http-nio-8080-exec-5] INFO  c.g.demo.Controller.EmailController - getLabelList (-)
2025-10-27 00:02:31.597 [http-nio-8080-exec-7] INFO  c.g.demo.Controller.EmailController - getLabelList (+)
2025-10-27 00:02:33.665 [http-nio-8080-exec-7] INFO  c.g.demo.Controller.EmailController - getLabelList (-)
2025-10-27 00:03:13.590 [http-nio-8080-exec-9] INFO  c.g.demo.Controller.EmailController - getLabelList (+)
2025-10-27 00:03:15.627 [http-nio-8080-exec-9] INFO  c.g.demo.Controller.EmailController - getLabelList (-)
2025-10-27 00:10:27.586 [http-nio-8080-exec-3] INFO  c.g.demo.Controller.EmailController - getLabelList (+)
2025-10-27 00:10:29.650 [http-nio-8080-exec-3] INFO  c.g.demo.Controller.EmailController - getLabelList (-)
2025-10-27 00:22:31.582 [http-nio-8080-exec-5] INFO  c.g.demo.Controller.EmailController - getLabelList (+)
2025-10-27 00:22:33.936 [http-nio-8080-exec-5] INFO  c.g.demo.Controller.EmailController - getLabelList (-)
2025-10-27 00:23:13.584 [http-nio-8080-exec-7] INFO  c.g.demo.Controller.EmailController - getLabelList (+)
2025-10-27 00:23:15.649 [http-nio-8080-exec-7] INFO  c.g.demo.Controller.EmailController - getLabelList (-)
2025-10-27 00:30:27.586 [http-nio-8080-exec-1] INFO  c.g.demo.Controller.EmailController - getLabelList (+)
2025-10-27 00:30:29.806 [http-nio-8080-exec-1] INFO  c.g.demo.Controller.EmailController - getLabelList (-)
2025-10-27 00:42:31.584 [http-nio-8080-exec-3] INFO  c.g.demo.Controller.EmailController - getLabelList (+)
2025-10-27 00:42:41.273 [http-nio-8080-exec-3] INFO  c.g.demo.Controller.EmailController - getLabelList (-)
2025-10-27 00:43:13.587 [http-nio-8080-exec-5] INFO  c.g.demo.Controller.EmailController - getLabelList (+)
2025-10-27 00:43:15.581 [http-nio-8080-exec-5] INFO  c.g.demo.Controller.EmailController - getLabelList (-)
2025-10-27 00:50:27.590 [http-nio-8080-exec-9] INFO  c.g.demo.Controller.EmailController - getLabelList (+)
2025-10-27 00:50:29.621 [http-nio-8080-exec-9] INFO  c.g.demo.Controller.EmailController - getLabelList (-)
2025-10-27 01:02:31.590 [http-nio-8080-exec-1] INFO  c.g.demo.Controller.EmailController - getLabelList (+)
2025-10-27 01:02:33.612 [http-nio-8080-exec-1] INFO  c.g.demo.Controller.EmailController - getLabelList (-)
2025-10-27 01:03:13.585 [http-nio-8080-exec-3] INFO  c.g.demo.Controller.EmailController - getLabelList (+)
2025-10-27 01:03:15.597 [http-nio-8080-exec-3] INFO  c.g.demo.Controller.EmailController - getLabelList (-)
2025-10-27 01:10:27.584 [http-nio-8080-exec-7] INFO  c.g.demo.Controller.EmailController - getLabelList (+)
2025-10-27 01:10:29.630 [http-nio-8080-exec-7] INFO  c.g.demo.Controller.EmailController - getLabelList (-)
2025-10-27 01:22:31.589 [http-nio-8080-exec-9] INFO  c.g.demo.Controller.EmailController - getLabelList (+)
2025-10-27 01:22:33.663 [http-nio-8080-exec-9] INFO  c.g.demo.Controller.EmailController - getLabelList (-)
2025-10-27 01:23:13.585 [http-nio-8080-exec-1] INFO  c.g.demo.Controller.EmailController - getLabelList (+)
2025-10-27 01:23:15.702 [http-nio-8080-exec-1] INFO  c.g.demo.Controller.EmailController - getLabelList (-)
2025-10-27 01:30:27.584 [http-nio-8080-exec-5] INFO  c.g.demo.Controller.EmailController - getLabelList (+)
2025-10-27 01:30:29.750 [http-nio-8080-exec-5] INFO  c.g.demo.Controller.EmailController - getLabelList (-)
2025-10-27 01:42:31.588 [http-nio-8080-exec-7] INFO  c.g.demo.Controller.EmailController - getLabelList (+)
2025-10-27 01:42:33.556 [http-nio-8080-exec-7] INFO  c.g.demo.Controller.EmailController - getLabelList (-)
2025-10-27 01:43:13.585 [http-nio-8080-exec-9] INFO  c.g.demo.Controller.EmailController - getLabelList (+)
2025-10-27 01:43:15.582 [http-nio-8080-exec-9] INFO  c.g.demo.Controller.EmailController - getLabelList (-)
2025-10-27 01:50:27.595 [http-nio-8080-exec-3] INFO  c.g.demo.Controller.EmailController - getLabelList (+)
2025-10-27 01:50:29.590 [http-nio-8080-exec-3] INFO  c.g.demo.Controller.EmailController - getLabelList (-)
2025-10-27 02:02:31.580 [http-nio-8080-exec-5] INFO  c.g.demo.Controller.EmailController - getLabelList (+)
2025-10-27 02:02:33.582 [http-nio-8080-exec-5] INFO  c.g.demo.Controller.EmailController - getLabelList (-)
2025-10-27 02:03:13.580 [http-nio-8080-exec-7] INFO  c.g.demo.Controller.EmailController - getLabelList (+)
2025-10-27 02:03:15.618 [http-nio-8080-exec-7] INFO  c.g.demo.Controller.EmailController - getLabelList (-)
2025-10-27 02:10:27.588 [http-nio-8080-exec-1] INFO  c.g.demo.Controller.EmailController - getLabelList (+)
2025-10-27 02:10:29.659 [http-nio-8080-exec-1] INFO  c.g.demo.Controller.EmailController - getLabelList (-)
2025-10-27 02:22:31.584 [http-nio-8080-exec-3] INFO  c.g.demo.Controller.EmailController - getLabelList (+)
2025-10-27 02:22:33.719 [http-nio-8080-exec-3] INFO  c.g.demo.Controller.EmailController - getLabelList (-)
2025-10-27 02:23:13.583 [http-nio-8080-exec-5] INFO  c.g.demo.Controller.EmailController - getLabelList (+)
2025-10-27 02:23:15.705 [http-nio-8080-exec-5] INFO  c.g.demo.Controller.EmailController - getLabelList (-)
2025-10-27 02:30:27.593 [http-nio-8080-exec-9] INFO  c.g.demo.Controller.EmailController - getLabelList (+)
2025-10-27 02:30:29.762 [http-nio-8080-exec-9] INFO  c.g.demo.Controller.EmailController - getLabelList (-)
2025-10-27 02:42:31.580 [http-nio-8080-exec-1] INFO  c.g.demo.Controller.EmailController - getLabelList (+)
2025-10-27 02:42:33.548 [http-nio-8080-exec-1] INFO  c.g.demo.Controller.EmailController - getLabelList (-)
2025-10-27 02:43:13.583 [http-nio-8080-exec-3] INFO  c.g.demo.Controller.EmailController - getLabelList (+)
2025-10-27 02:43:15.564 [http-nio-8080-exec-3] INFO  c.g.demo.Controller.EmailController - getLabelList (-)
2025-10-27 02:50:27.589 [http-nio-8080-exec-7] INFO  c.g.demo.Controller.EmailController - getLabelList (+)
2025-10-27 02:50:29.623 [http-nio-8080-exec-7] INFO  c.g.demo.Controller.EmailController - getLabelList (-)
2025-10-27 03:02:31.585 [http-nio-8080-exec-9] INFO  c.g.demo.Controller.EmailController - getLabelList (+)
2025-10-27 03:02:33.655 [http-nio-8080-exec-9] INFO  c.g.demo.Controller.EmailController - getLabelList (-)
2025-10-27 03:03:13.586 [http-nio-8080-exec-1] INFO  c.g.demo.Controller.EmailController - getLabelList (+)
2025-10-27 03:03:15.631 [http-nio-8080-exec-1] INFO  c.g.demo.Controller.EmailController - getLabelList (-)
2025-10-27 03:10:27.585 [http-nio-8080-exec-5] INFO  c.g.demo.Controller.EmailController - getLabelList (+)
2025-10-27 03:10:29.685 [http-nio-8080-exec-5] INFO  c.g.demo.Controller.EmailController - getLabelList (-)
2025-10-27 03:22:31.585 [http-nio-8080-exec-7] INFO  c.g.demo.Controller.EmailController - getLabelList (+)
2025-10-27 03:22:33.661 [http-nio-8080-exec-7] INFO  c.g.demo.Controller.EmailController - getLabelList (-)
2025-10-27 03:23:13.582 [http-nio-8080-exec-9] INFO  c.g.demo.Controller.EmailController - getLabelList (+)
2025-10-27 03:23:15.715 [http-nio-8080-exec-9] INFO  c.g.demo.Controller.EmailController - getLabelList (-)
2025-10-27 03:30:27.587 [http-nio-8080-exec-3] INFO  c.g.demo.Controller.EmailController - getLabelList (+)
2025-10-27 03:30:29.705 [http-nio-8080-exec-3] INFO  c.g.demo.Controller.EmailController - getLabelList (-)
2025-10-27 03:42:31.581 [http-nio-8080-exec-5] INFO  c.g.demo.Controller.EmailController - getLabelList (+)
2025-10-27 03:42:33.557 [http-nio-8080-exec-5] INFO  c.g.demo.Controller.EmailController - getLabelList (-)
2025-10-27 03:43:13.584 [http-nio-8080-exec-7] INFO  c.g.demo.Controller.EmailController - getLabelList (+)
2025-10-27 03:43:15.598 [http-nio-8080-exec-7] INFO  c.g.demo.Controller.EmailController - getLabelList (-)
2025-10-27 03:50:27.586 [http-nio-8080-exec-1] INFO  c.g.demo.Controller.EmailController - getLabelList (+)
2025-10-27 03:50:29.605 [http-nio-8080-exec-1] INFO  c.g.demo.Controller.EmailController - getLabelList (-)
2025-10-27 04:02:31.586 [http-nio-8080-exec-3] INFO  c.g.demo.Controller.EmailController - getLabelList (+)
2025-10-27 04:02:33.640 [http-nio-8080-exec-3] INFO  c.g.demo.Controller.EmailController - getLabelList (-)
2025-10-27 04:03:13.582 [http-nio-8080-exec-5] INFO  c.g.demo.Controller.EmailController - getLabelList (+)
2025-10-27 04:03:15.614 [http-nio-8080-exec-5] INFO  c.g.demo.Controller.EmailController - getLabelList (-)
2025-10-27 04:10:27.587 [http-nio-8080-exec-9] INFO  c.g.demo.Controller.EmailController - getLabelList (+)
2025-10-27 04:10:29.691 [http-nio-8080-exec-9] INFO  c.g.demo.Controller.EmailController - getLabelList (-)
2025-10-27 04:22:31.582 [http-nio-8080-exec-1] INFO  c.g.demo.Controller.EmailController - getLabelList (+)
2025-10-27 04:22:33.881 [http-nio-8080-exec-1] INFO  c.g.demo.Controller.EmailController - getLabelList (-)
2025-10-27 04:23:13.583 [http-nio-8080-exec-3] INFO  c.g.demo.Controller.EmailController - getLabelList (+)
2025-10-27 04:23:15.688 [http-nio-8080-exec-3] INFO  c.g.demo.Controller.EmailController - getLabelList (-)
2025-10-27 04:30:27.586 [http-nio-8080-exec-7] INFO  c.g.demo.Controller.EmailController - getLabelList (+)
2025-10-27 04:30:29.723 [http-nio-8080-exec-7] INFO  c.g.demo.Controller.EmailController - getLabelList (-)
2025-10-27 04:42:31.585 [http-nio-8080-exec-9] INFO  c.g.demo.Controller.EmailController - getLabelList (+)
2025-10-27 04:42:33.572 [http-nio-8080-exec-9] INFO  c.g.demo.Controller.EmailController - getLabelList (-)
2025-10-27 04:43:13.585 [http-nio-8080-exec-1] INFO  c.g.demo.Controller.EmailController - getLabelList (+)
2025-10-27 04:43:15.555 [http-nio-8080-exec-1] INFO  c.g.demo.Controller.EmailController - getLabelList (-)
2025-10-27 04:50:27.600 [http-nio-8080-exec-5] INFO  c.g.demo.Controller.EmailController - getLabelList (+)
2025-10-27 04:50:29.715 [http-nio-8080-exec-5] INFO  c.g.demo.Controller.EmailController - getLabelList (-)
2025-10-27 05:02:31.580 [http-nio-8080-exec-7] INFO  c.g.demo.Controller.EmailController - getLabelList (+)
2025-10-27 05:02:33.603 [http-nio-8080-exec-7] INFO  c.g.demo.Controller.EmailController - getLabelList (-)
2025-10-27 05:03:13.583 [http-nio-8080-exec-9] INFO  c.g.demo.Controller.EmailController - getLabelList (+)
2025-10-27 05:03:15.628 [http-nio-8080-exec-9] INFO  c.g.demo.Controller.EmailController - getLabelList (-)
2025-10-27 05:10:27.589 [http-nio-8080-exec-3] INFO  c.g.demo.Controller.EmailController - getLabelList (+)
2025-10-27 05:10:29.649 [http-nio-8080-exec-3] INFO  c.g.demo.Controller.EmailController - getLabelList (-)
2025-10-27 05:22:31.585 [http-nio-8080-exec-5] INFO  c.g.demo.Controller.EmailController - getLabelList (+)
2025-10-27 05:22:33.744 [http-nio-8080-exec-5] INFO  c.g.demo.Controller.EmailController - getLabelList (-)
2025-10-27 05:23:13.582 [http-nio-8080-exec-7] INFO  c.g.demo.Controller.EmailController - getLabelList (+)
2025-10-27 05:23:15.679 [http-nio-8080-exec-7] INFO  c.g.demo.Controller.EmailController - getLabelList (-)
2025-10-27 05:30:27.590 [http-nio-8080-exec-1] INFO  c.g.demo.Controller.EmailController - getLabelList (+)
2025-10-27 05:30:29.743 [http-nio-8080-exec-1] INFO  c.g.demo.Controller.EmailController - getLabelList (-)
2025-10-27 05:42:31.583 [http-nio-8080-exec-3] INFO  c.g.demo.Controller.EmailController - getLabelList (+)
2025-10-27 05:42:33.625 [http-nio-8080-exec-3] INFO  c.g.demo.Controller.EmailController - getLabelList (-)
2025-10-27 05:43:13.584 [http-nio-8080-exec-5] INFO  c.g.demo.Controller.EmailController - getLabelList (+)
2025-10-27 05:43:15.607 [http-nio-8080-exec-5] INFO  c.g.demo.Controller.EmailController - getLabelList (-)
2025-10-27 05:50:27.595 [http-nio-8080-exec-9] INFO  c.g.demo.Controller.EmailController - getLabelList (+)
2025-10-27 05:50:29.637 [http-nio-8080-exec-9] INFO  c.g.demo.Controller.EmailController - getLabelList (-)
2025-10-27 06:02:31.581 [http-nio-8080-exec-1] INFO  c.g.demo.Controller.EmailController - getLabelList (+)
2025-10-27 06:02:33.660 [http-nio-8080-exec-1] INFO  c.g.demo.Controller.EmailController - getLabelList (-)
2025-10-27 06:03:13.582 [http-nio-8080-exec-3] INFO  c.g.demo.Controller.EmailController - getLabelList (+)
2025-10-27 06:03:15.637 [http-nio-8080-exec-3] INFO  c.g.demo.Controller.EmailController - getLabelList (-)
2025-10-27 06:10:27.589 [http-nio-8080-exec-7] INFO  c.g.demo.Controller.EmailController - getLabelList (+)
2025-10-27 06:10:29.644 [http-nio-8080-exec-7] INFO  c.g.demo.Controller.EmailController - getLabelList (-)
2025-10-27 06:22:31.587 [http-nio-8080-exec-9] INFO  c.g.demo.Controller.EmailController - getLabelList (+)
2025-10-27 06:22:33.714 [http-nio-8080-exec-9] INFO  c.g.demo.Controller.EmailController - getLabelList (-)
2025-10-27 06:23:13.591 [http-nio-8080-exec-1] INFO  c.g.demo.Controller.EmailController - getLabelList (+)
2025-10-27 06:23:15.737 [http-nio-8080-exec-1] INFO  c.g.demo.Controller.EmailController - getLabelList (-)
2025-10-27 06:30:27.585 [http-nio-8080-exec-5] INFO  c.g.demo.Controller.EmailController - getLabelList (+)
2025-10-27 06:30:29.728 [http-nio-8080-exec-5] INFO  c.g.demo.Controller.EmailController - getLabelList (-)
2025-10-27 06:42:31.581 [http-nio-8080-exec-7] INFO  c.g.demo.Controller.EmailController - getLabelList (+)
2025-10-27 06:42:33.581 [http-nio-8080-exec-7] INFO  c.g.demo.Controller.EmailController - getLabelList (-)
2025-10-27 06:43:13.586 [http-nio-8080-exec-9] INFO  c.g.demo.Controller.EmailController - getLabelList (+)
2025-10-27 06:43:15.636 [http-nio-8080-exec-9] INFO  c.g.demo.Controller.EmailController - getLabelList (-)
2025-10-27 06:50:27.590 [http-nio-8080-exec-3] INFO  c.g.demo.Controller.EmailController - getLabelList (+)
2025-10-27 06:50:29.625 [http-nio-8080-exec-3] INFO  c.g.demo.Controller.EmailController - getLabelList (-)
2025-10-27 07:02:31.584 [http-nio-8080-exec-5] INFO  c.g.demo.Controller.EmailController - getLabelList (+)
2025-10-27 07:02:34.012 [http-nio-8080-exec-5] INFO  c.g.demo.Controller.EmailController - getLabelList (-)
2025-10-27 07:03:13.583 [http-nio-8080-exec-7] INFO  c.g.demo.Controller.EmailController - getLabelList (+)
2025-10-27 07:03:15.607 [http-nio-8080-exec-7] INFO  c.g.demo.Controller.EmailController - getLabelList (-)
2025-10-27 07:10:27.584 [http-nio-8080-exec-1] INFO  c.g.demo.Controller.EmailController - getLabelList (+)
2025-10-27 07:10:29.672 [http-nio-8080-exec-1] INFO  c.g.demo.Controller.EmailController - getLabelList (-)
2025-10-27 07:22:31.587 [http-nio-8080-exec-3] INFO  c.g.demo.Controller.EmailController - getLabelList (+)
2025-10-27 07:22:33.756 [http-nio-8080-exec-3] INFO  c.g.demo.Controller.EmailController - getLabelList (-)
2025-10-27 07:23:13.588 [http-nio-8080-exec-5] INFO  c.g.demo.Controller.EmailController - getLabelList (+)
2025-10-27 07:23:15.715 [http-nio-8080-exec-5] INFO  c.g.demo.Controller.EmailController - getLabelList (-)
2025-10-27 07:30:27.583 [http-nio-8080-exec-9] INFO  c.g.demo.Controller.EmailController - getLabelList (+)
2025-10-27 07:30:29.801 [http-nio-8080-exec-9] INFO  c.g.demo.Controller.EmailController - getLabelList (-)
2025-10-27 07:42:31.588 [http-nio-8080-exec-1] INFO  c.g.demo.Controller.EmailController - getLabelList (+)
2025-10-27 07:42:33.567 [http-nio-8080-exec-1] INFO  c.g.demo.Controller.EmailController - getLabelList (-)
2025-10-27 07:43:13.586 [http-nio-8080-exec-3] INFO  c.g.demo.Controller.EmailController - getLabelList (+)
2025-10-27 07:43:15.596 [http-nio-8080-exec-3] INFO  c.g.demo.Controller.EmailController - getLabelList (-)
2025-10-27 07:50:27.590 [http-nio-8080-exec-7] INFO  c.g.demo.Controller.EmailController - getLabelList (+)
2025-10-27 07:50:29.593 [http-nio-8080-exec-7] INFO  c.g.demo.Controller.EmailController - getLabelList (-)
2025-10-27 08:02:31.583 [http-nio-8080-exec-9] INFO  c.g.demo.Controller.EmailController - getLabelList (+)
2025-10-27 08:02:35.616 [http-nio-8080-exec-9] INFO  c.g.demo.Controller.EmailController - getLabelList (-)
2025-10-27 08:03:13.583 [http-nio-8080-exec-1] INFO  c.g.demo.Controller.EmailController - getLabelList (+)
2025-10-27 08:03:15.649 [http-nio-8080-exec-1] INFO  c.g.demo.Controller.EmailController - getLabelList (-)
2025-10-27 08:10:27.594 [http-nio-8080-exec-5] INFO  c.g.demo.Controller.EmailController - getLabelList (+)
2025-10-27 08:10:29.705 [http-nio-8080-exec-5] INFO  c.g.demo.Controller.EmailController - getLabelList (-)
2025-10-27 08:22:31.579 [http-nio-8080-exec-7] INFO  c.g.demo.Controller.EmailController - getLabelList (+)
2025-10-27 08:22:33.760 [http-nio-8080-exec-7] INFO  c.g.demo.Controller.EmailController - getLabelList (-)
2025-10-27 08:23:13.584 [http-nio-8080-exec-9] INFO  c.g.demo.Controller.EmailController - getLabelList (+)
2025-10-27 08:23:15.733 [http-nio-8080-exec-9] INFO  c.g.demo.Controller.EmailController - getLabelList (-)
2025-10-27 08:30:27.592 [http-nio-8080-exec-3] INFO  c.g.demo.Controller.EmailController - getLabelList (+)
2025-10-27 08:30:29.752 [http-nio-8080-exec-3] INFO  c.g.demo.Controller.EmailController - getLabelList (-)
2025-10-27 08:42:31.583 [http-nio-8080-exec-5] INFO  c.g.demo.Controller.EmailController - getLabelList (+)
2025-10-27 08:42:33.653 [http-nio-8080-exec-5] INFO  c.g.demo.Controller.EmailController - getLabelList (-)
2025-10-27 08:43:13.581 [http-nio-8080-exec-7] INFO  c.g.demo.Controller.EmailController - getLabelList (+)
2025-10-27 08:43:15.627 [http-nio-8080-exec-7] INFO  c.g.demo.Controller.EmailController - getLabelList (-)
2025-10-27 08:50:27.591 [http-nio-8080-exec-1] INFO  c.g.demo.Controller.EmailController - getLabelList (+)
2025-10-27 08:50:29.613 [http-nio-8080-exec-1] INFO  c.g.demo.Controller.EmailController - getLabelList (-)
2025-10-27 09:02:31.580 [http-nio-8080-exec-3] INFO  c.g.demo.Controller.EmailController - getLabelList (+)
2025-10-27 09:02:33.787 [http-nio-8080-exec-3] INFO  c.g.demo.Controller.EmailController - getLabelList (-)
2025-10-27 09:03:13.583 [http-nio-8080-exec-5] INFO  c.g.demo.Controller.EmailController - getLabelList (+)
2025-10-27 09:03:19.741 [http-nio-8080-exec-5] INFO  c.g.demo.Controller.EmailController - getLabelList (-)
2025-10-27 09:10:27.587 [http-nio-8080-exec-9] INFO  c.g.demo.Controller.EmailController - getLabelList (+)
2025-10-27 09:10:29.719 [http-nio-8080-exec-9] INFO  c.g.demo.Controller.EmailController - getLabelList (-)
2025-10-27 09:22:31.582 [http-nio-8080-exec-1] INFO  c.g.demo.Controller.EmailController - getLabelList (+)
2025-10-27 09:22:33.745 [http-nio-8080-exec-1] INFO  c.g.demo.Controller.EmailController - getLabelList (-)
2025-10-27 09:23:13.587 [http-nio-8080-exec-3] INFO  c.g.demo.Controller.EmailController - getLabelList (+)
2025-10-27 09:23:15.689 [http-nio-8080-exec-3] INFO  c.g.demo.Controller.EmailController - getLabelList (-)
2025-10-27 09:25:42.871 [RMI TCP Connection(2495)-127.0.0.1] INFO  o.s.b.a.SpringApplicationAdminMXBeanRegistrar$SpringApplicationAdmin - Application shutdown requested.
2025-10-27 09:25:42.880 [RMI TCP Connection(2495)-127.0.0.1] INFO  o.s.b.w.e.tomcat.GracefulShutdown - Commencing graceful shutdown. Waiting for active requests to complete
2025-10-27 09:25:42.886 [tomcat-shutdown] INFO  o.a.coyote.http11.Http11NioProtocol - Pausing ProtocolHandler ["http-nio-8080"]
2025-10-27 09:25:42.889 [tomcat-shutdown] INFO  o.s.b.w.e.tomcat.GracefulShutdown - Graceful shutdown complete
2025-10-27 09:25:42.890 [RMI TCP Connection(2495)-127.0.0.1] INFO  o.a.coyote.http11.Http11NioProtocol - Stopping ProtocolHandler ["http-nio-8080"]
2025-10-27 09:25:42.901 [RMI TCP Connection(2495)-127.0.0.1] INFO  o.s.o.j.LocalContainerEntityManagerFactoryBean - Closing JPA EntityManagerFactory for persistence unit 'default'
2025-10-27 09:25:42.910 [RMI TCP Connection(2495)-127.0.0.1] WARN  o.s.b.f.s.DisposableBeanAdapter - Invocation of destroy method failed on bean with name 'inMemoryDatabaseShutdownExecutor': org.h2.jdbc.JdbcSQLNonTransientConnectionException: Database is already closed (to disable automatic closing at VM shutdown, add ";DB_CLOSE_ON_EXIT=FALSE" to the db URL) [90121-232]
2025-10-27 09:25:42.958 [RMI TCP Connection(2495)-127.0.0.1] INFO  com.zaxxer.hikari.HikariDataSource - HikariPool-1 - Shutdown initiated...
2025-10-27 09:25:42.964 [RMI TCP Connection(2495)-127.0.0.1] INFO  com.zaxxer.hikari.HikariDataSource - HikariPool-1 - Shutdown completed.
